Date,Calories,Weight,day
2023-09-14,725.0,81.0,0
2023-09-15,1095.0,,1
2023-09-16,1434.0,,2
2023-09-17,958.0,,3
2023-09-18,1270.0,,4
2023-09-19,1598.0,,5
2023-09-20,1126.0,,6
2023-09-21,1398.0,,7
2023-09-22,1422.0,,8
2023-09-23,1477.0,,9
2023-09-24,1443.0,80.0,10
2023-09-25,1465.0,,11
2023-09-26,1002.0,,12
2023-09-27,1530.0,,13
2023-09-28,1095.0,,14
2023-09-29,1117.0,,15
2023-09-30,1299.0,,16
2023-10-01,1365.0,,17
2023-10-02,1104.0,,18
2023-10-03,1246.0,79.4,19
2023-10-04,1279.0,,20
2023-10-05,1396.0,,21
2023-10-06,1579.0,79.0,22
2023-10-07,1718.0,,23
2023-10-08,1098.0,,24
2023-10-09,1297.0,,25
2023-10-10,1314.0,,26
2023-10-11,1767.0,78.6,27
2023-10-12,1710.0,,28
2023-10-13,1546.0,,29
2023-10-14,1345.0,78.4,30
2023-10-15,1412.0,78.2,31
2023-10-16,1739.0,,32
2023-10-17,1421.0,,33
2023-10-18,1661.0,,34
2023-10-19,1689.0,77.8,35
2023-10-20,1423.0,77.6,36
2023-10-21,1412.0,77.5,37
2023-10-22,1475.0,77.3,38
2023-10-23,1733.0,,39
2023-10-24,1787.0,,40
2023-10-25,1622.0,,41
2023-10-26,1702.0,76.9,42
2023-10-27,1568.0,,43
2023-10-28,1292.0,,44
2023-10-29,1669.0,,45
2023-10-30,1524.0,,46
2023-10-31,1569.0,76.6,47
2023-11-01,1460.0,76.3,48
2023-11-02,1490.0,,49
2023-11-03,1716.0,75.9,50
2023-11-04,1903.0,,51
2023-11-05,1458.0,,52
2023-11-06,1685.0,,53
2023-11-07,1289.0,,54
2023-11-08,1887.0,75.4,55
2023-11-09,1650.0,,56
2023-11-10,1470.0,,57
2023-11-11,1792.0,,58
2023-11-12,1432.0,,59
2023-11-13,1380.0,,60
2023-11-14,1584.0,,61
2023-11-15,1574.0,,62
2023-11-16,1393.0,74.9,63
2023-11-17,1414.0,74.7,64
2023-11-18,1632.0,74.2,65
2023-11-19,1492.0,74.0,66
2023-11-20,1675.0,,67
2023-11-21,1616.0,74.6,68
2023-11-22,1749.0,74.1,69
2023-11-23,1546.0,73.7,70
2023-11-24,1608.0,73.6,71
2023-11-25,1688.0,73.4,72
2023-11-26,1661.0,,73
2023-11-27,1735.0,74.4,74
2023-11-28,1457.0,74.4,75
2023-11-29,1429.0,74.2,76
2023-11-30,1352.0,73.8,77
2023-12-01,1925.0,73.5,78
2023-12-02,1710.0,73.2,79
2023-12-03,1473.0,73.0,80
2023-12-04,1220.0,73.4,81
2023-12-05,1363.0,72.8,82
2023-12-06,1312.0,72.5,83
2023-12-07,1253.0,,84
2023-12-08,1517.0,,85
2023-12-09,1746.0,,86
2023-12-10,1323.0,,87
2023-12-11,1604.0,72.2,88
2023-12-12,1482.0,,89
2023-12-13,1332.0,,90
2023-12-14,1387.0,71.9,91
2023-12-15,1073.0,71.3,92
2023-12-16,1456.0,,93
2023-12-17,1585.0,71.8,94
2023-12-18,1817.0,71.9,95
2023-12-19,1279.0,,96
2023-12-20,1294.0,70.8,97
2023-12-21,1389.0,,98
2023-12-22,1864.0,70.7,99
2023-12-23,1541.0,,100
2023-12-24,1851.0,70.3,101
2023-12-25,1454.0,,102
2023-12-26,1265.0,70.5,103
2023-12-27,1471.0,,104
2023-12-28,1402.0,,105
2023-12-29,1387.0,,106
2023-12-30,1696.0,,107
2023-12-31,1364.0,,108
2024-01-01,1423.0,,109
2024-01-02,1677.0,,110
2024-01-03,1829.0,69.9,111
2024-01-04,1885.0,69.7,112
2024-01-05,1883.0,,113
2024-01-06,2135.0,70.1,114
2024-01-07,1886.0,,115
2024-01-08,1865.0,,116
2024-01-09,1544.0,70.7,117
2024-01-10,1773.0,70.0,118
2024-01-11,1445.0,70.4,119
2024-01-12,1737.0,69.9,120
2024-01-13,1774.0,,121
2024-01-14,1358.0,,122
2024-01-15,1528.0,70.8,123
2024-01-16,1469.0,,124
2024-01-17,1391.0,,125
2024-01-18,1233.0,70.4,126
2024-01-19,1582.0,69.9,127
2024-01-20,1319.0,,128
2024-01-21,1683.0,70.2,129
2024-01-22,1706.0,,130
2024-01-23,1486.0,,131
2024-01-24,1685.0,,132
2024-01-25,1538.0,,133
2024-01-26,1336.0,,134
2024-01-27,1965.0,,135
2024-01-28,,,136
2024-01-29,,,137
2024-01-30,,,138
2024-01-31,1259.0,,139
2024-02-01,1285.0,69.0,140
2024-02-02,1803.0,,141
2024-02-03,1643.0,,142
2024-02-04,1299.0,68.6,143
2024-02-05,1820.0,68.5,144
2024-02-06,1298.0,,145
2024-02-07,2232.0,,146
2024-02-08,1720.0,68.0,147
2024-02-09,1633.0,68.5,148
2024-02-10,2075.0,68.1,149
2024-02-11,1595.0,,150
2024-02-12,1816.0,68.5,151
2024-02-13,1498.0,,152
2024-02-14,1712.0,,153
2024-02-15,1571.0,,154
2024-02-16,1718.0,,155
2024-02-17,1526.0,,156
2024-02-18,,,157
2024-02-19,1790.0,,158
2024-02-20,1442.0,,159
2024-02-21,1910.0,,160
2024-02-22,1317.0,,161
2024-02-23,1730.0,,162
2024-02-24,1686.0,67.7,163
2024-02-25,1834.0,68.6,164
2024-02-26,1423.0,,165
2024-02-27,1827.0,,166
2024-02-28,1614.0,68.2,167
2024-02-29,1670.0,67.1,168
2024-03-01,1530.0,,169
2024-03-02,1265.0,,170
2024-03-03,1665.0,67.4,171
2024-03-04,1777.0,67.8,172
2024-03-05,1495.0,,173
2024-03-06,1748.0,,174
2024-03-07,1624.0,,175
2024-03-08,1791.0,,176
2024-03-09,1534.0,,177
2024-03-10,1540.0,,178
2024-03-11,1723.0,,179
2024-03-12,1446.0,,180
2024-03-13,1774.0,,181
2024-03-14,1764.0,,182
2024-03-15,1598.0,67.5,183
2024-03-16,1809.0,,184
2024-03-17,1197.0,,185
2024-03-18,1165.0,,186
2024-03-19,2073.0,,187
2024-03-20,1614.0,66.7,188
2024-03-21,1507.0,,189
2024-03-22,1897.0,,190
2024-03-23,1391.0,,191
2024-03-24,1504.0,,192
2024-03-25,1951.0,,193
2024-03-26,1634.0,66.6,194
2024-03-27,2013.0,,195
2024-03-28,2228.0,,196
2024-03-29,2049.0,67.0,197
2024-03-30,1609.0,,198
2024-03-31,1121.0,66.5,199
2024-04-01,1848.0,,200
2024-04-02,1778.0,,201
2024-04-03,2059.0,,202
2024-04-04,1429.0,67.3,203
2024-04-05,1862.0,66.9,204
2024-04-06,1974.0,,205
2024-04-07,1460.0,66.9,206
2024-04-08,1909.0,,207
2024-04-09,1340.0,67.6,208
2024-04-10,1478.0,,209
2024-04-11,1471.0,,210
2024-04-12,1638.0,66.3,211
2024-04-13,1840.0,,212
2024-04-14,2006.0,,213
2024-04-15,1480.0,,214
2024-04-16,1468.0,,215
2024-04-17,1596.0,66.2,216
2024-04-18,2604.0,,217
2024-04-19,1392.0,,218
2024-04-20,1525.0,,219
2024-04-21,1817.0,66.0,220
2024-04-22,1536.0,,221
2024-04-23,1722.0,,222
2024-04-24,1511.0,,223
2024-04-25,1886.0,,224
2024-04-26,1495.0,,225
2024-04-27,1900.0,65.1,226
2024-04-28,1758.0,,227
2024-04-29,1379.0,,228
2024-04-30,1718.0,,229
2024-05-01,1293.0,,230
2024-05-02,2048.0,,231
2024-05-03,1423.0,,232
2024-05-04,1562.0,,233
2024-05-05,1386.0,,234
2024-05-06,1422.0,,235
2024-05-07,1456.0,,236
2024-05-08,2096.0,,237
2024-05-09,1563.0,,238
2024-05-10,2078.0,,239
2024-05-11,1704.0,65.8,240
2024-05-12,1327.0,,241
2024-05-13,2022.0,,242
2024-05-14,1676.0,,243
2024-05-15,1516.0,,244
2024-05-16,1318.0,,245
2024-05-17,1532.0,,246
2024-05-18,1601.0,,247
2024-05-19,1600.0,,248
2024-05-20,2021.0,65.2,249
2024-05-21,1873.0,,250
2024-05-22,1998.0,,251
2024-05-23,1552.0,,252
2024-05-24,1850.0,,253
2024-05-25,2070.0,65.7,254
2024-05-26,1539.0,,255
2024-05-27,1770.0,,256
2024-05-28,1675.0,,257
2024-05-29,2113.0,,258
2024-05-30,1720.0,,259
2024-05-31,1627.0,,260
2024-06-01,2087.0,,261
2024-06-02,1973.0,64.5,262
2024-06-03,1717.0,,263
2024-06-04,1368.0,,264
2024-06-05,560.0,,265
2024-06-06,1353.0,,266
2024-06-07,1811.0,,267
2024-06-08,1858.0,64.0,268
2024-06-09,2146.0,,269
2024-06-10,1788.0,,270
2024-06-11,1736.0,65.3,271
2024-06-12,1892.0,,272
2024-06-13,2171.0,,273
2024-06-14,1630.0,64.6,274
2024-06-15,2388.0,,275
2024-06-16,1431.0,,276
2024-06-17,1637.0,,277
2024-06-18,1494.0,,278
2024-06-19,1578.0,64.2,279
2024-06-20,1372.0,,280
2024-06-21,1726.0,,281
2024-06-22,2057.0,,282
2024-06-23,2104.0,,283
2024-06-24,1723.0,65.0,284
2024-06-25,1716.0,,285
2024-06-26,1876.0,,286
2024-06-27,1795.0,63.5,287
2024-06-28,1757.0,,288
2024-06-29,1579.0,,289
2024-06-30,2121.0,,290
2024-07-01,1770.0,,291
2024-07-02,1472.0,64.5,292
2024-07-03,2021.0,,293
2024-07-04,1487.0,,294
2024-07-05,2009.0,,295
2024-07-06,1785.0,,296
2024-07-07,1641.0,,297
2024-07-08,2003.0,,298
2024-07-09,1770.0,,299
2024-07-10,2176.0,,300
2024-07-11,1837.0,,301
2024-07-12,1631.0,63.6,302
2024-07-13,1873.0,,303
2024-07-14,1942.0,,304
2024-07-15,1886.0,,305
2024-07-16,1786.0,,306
2024-07-17,1615.0,,307
2024-07-18,2069.0,,308
2024-07-19,1841.0,,309
2024-07-20,1857.0,62.6,310
2024-07-21,1827.0,,311
2024-07-22,1524.0,,312
2024-07-23,1790.0,,313
2024-07-24,928.0,,314
2024-07-25,1684.0,,315
2024-07-26,2157.0,,316
2024-07-27,2016.0,,317
2024-07-28,1817.0,,318
2024-07-29,1491.0,63.6,319
2024-07-30,1847.0,,320
2024-07-31,2280.0,,321
2024-08-01,1691.0,,322
2024-08-02,2027.0,,323
2024-08-03,2169.0,,324
2024-08-04,1821.0,62.8,325
2024-08-05,1743.0,,326
2024-08-06,1860.0,,327
2024-08-07,2191.0,,328
2024-08-08,1855.0,,329
2024-08-09,2432.0,,330
2024-08-10,1973.0,,331
2024-08-11,2366.0,,332
2024-08-12,1935.0,64.2,333
2024-08-13,2343.0,,334
2024-08-14,2187.0,64.2,335
2024-08-15,1726.0,63.4,336
2024-08-16,2167.0,,337
2024-08-17,1941.0,,338
2024-08-18,1929.0,,339
2024-08-19,2249.0,,340
2024-08-20,2111.0,63.6,341
2024-08-21,1773.0,,342
2024-08-22,2552.0,63.1,343
2024-08-23,1976.0,,344
2024-08-24,1960.0,,345
2024-08-25,2093.0,,346
2024-08-26,2178.0,,347
2024-08-27,2298.0,,348
2024-08-28,1940.0,,349
2024-08-29,2133.0,,350
2024-08-30,2358.0,64.1,351
2024-08-31,2386.0,,352
2024-09-01,1769.0,,353
2024-09-02,2334.0,,354
2024-09-03,2549.0,,355
2024-09-04,2580.0,64.3,356
2024-09-05,1961.0,,357
2024-09-06,1863.0,,358
2024-09-07,1679.0,64.0,359
2024-09-08,2016.0,,360
2024-09-09,2265.0,63.9,361
2024-09-10,1865.0,,362
2024-09-11,2131.0,63.7,363
2024-09-12,2154.0,,364
2024-09-13,2064.0,64.1,365
2024-09-14,1715.0,,366
2024-09-15,2038.0,63.6,367
2024-09-16,2274.0,,368
2024-09-17,1969.0,,369
2024-09-18,2119.0,62.9,370
2024-09-19,2514.0,,371
2024-09-20,2243.0,63.8,372
2024-09-21,1766.0,,373
2024-09-22,2493.0,62.5,374
2024-09-23,1950.0,63.0,375
2024-09-24,2591.0,,376
2024-09-25,1908.0,,377
2024-09-26,2359.0,62.0,378
2024-09-27,1727.0,62.6,379
2024-09-28,2041.0,,380
2024-09-29,1983.0,62.2,381
2024-09-30,2195.0,62.3,382
2024-10-01,2206.0,63.5,383
2024-10-02,1886.0,63.0,384
2024-10-03,1776.0,63.4,385
2024-10-04,2143.0,62.9,386
2024-10-05,1869.0,,387
2024-10-06,2258.0,62.9,388
2024-10-07,1921.0,62.9,389
2024-10-08,1830.0,62.8,390
2024-10-09,1769.0,62.8,391
2024-10-10,1555.0,,392
2024-10-11,1972.0,,393
2024-10-12,1922.0,63.8,394
2024-10-13,1699.0,,395
2024-10-14,1762.0,,396
2024-10-15,1812.0,,397
2024-10-16,2262.0,,398
2024-10-17,1616.0,,399
2024-10-18,2252.0,,400
2024-10-19,1180.0,,401
2024-10-20,1672.0,,402
2024-10-21,1678.0,64.3,403
2024-10-22,1940.0,,404
2024-10-23,1569.0,63.1,405
2024-10-24,1752.0,,406
2024-10-25,1777.0,,407
2024-10-26,1953.0,63.3,408
2024-10-27,2346.0,62.7,409
2024-10-28,2038.0,,410
2024-10-29,1778.0,62.7,411
2024-10-30,1709.0,62.9,412
2024-10-31,1993.0,62.9,413
2024-11-01,1806.0,63.5,414
2024-11-02,2264.0,63.5,415
2024-11-03,2208.0,62.7,416
2024-11-04,1863.0,63.7,417
2024-11-05,1951.0,,418
2024-11-06,1856.0,63.3,419
2024-11-07,1835.0,62.8,420
2024-11-08,1938.0,62.5,421
2024-11-09,1978.0,62.7,422
2024-11-10,2603.0,63.3,423
2024-11-11,1802.0,63.6,424
2024-11-12,1813.0,,425
2024-11-13,1877.0,63.0,426
2024-11-14,1791.0,62.4,427
2024-11-15,1795.0,62.5,428
2024-11-16,2162.0,,429
2024-11-17,2208.0,63.4,430
2024-11-18,1844.0,63.5,431
2024-11-19,1623.0,63.0,432
2024-11-20,1710.0,62.9,433
2024-11-21,1726.0,62.7,434
2024-11-22,1980.0,62.7,435
2024-11-23,2029.0,62.3,436
2024-11-24,2199.0,62.4,437
2024-11-25,1828.0,,438
2024-11-26,1806.0,62.7,439
2024-11-27,1977.0,62.3,440
2024-11-28,1874.0,62.5,441
2024-11-29,1894.0,62.3,442
2024-11-30,2031.0,62.4,443
2024-12-01,1898.0,62.6,444
2024-12-02,1806.0,62.6,445
2024-12-03,2309.0,62.9,446
2024-12-04,2393.0,62.9,447
2024-12-05,2528.0,62.7,448
2024-12-06,2372.0,63.2,449
2024-12-07,2487.0,63.3,450
2024-12-08,2404.0,63.4,451
2024-12-09,2230.0,64.0,452
2024-12-10,2542.0,63.1,453
2024-12-11,2477.0,63.1,454
2024-12-12,2568.0,62.9,455
2024-12-13,2502.0,63.7,456
2024-12-14,2488.0,64.2,457
2024-12-15,2540.0,64.6,458
2024-12-16,2338.0,64.6,459
2024-12-17,2548.0,63.9,460
2024-12-18,2505.0,64.7,461
2024-12-19,2545.0,64.0,462
2024-12-20,2337.0,64.8,463
2024-12-21,2487.0,64.8,464
2024-12-22,2516.0,63.6,465
2024-12-23,2551.0,,466
2024-12-24,2498.0,,467
2024-12-25,2379.0,65.0,468
2024-12-26,2618.0,65.0,469
2024-12-27,2580.0,65.6,470
2024-12-28,2236.0,65.5,471
2024-12-29,2493.0,65.2,472
2024-12-30,2527.0,64.8,473
2024-12-31,2493.0,64.8,474
2025-01-01,2257.0,65.3,475
2025-01-02,2522.0,64.9,476
2025-01-03,2426.0,64.9,477
2025-01-04,2436.0,65.5,478
2025-01-05,2851.0,65.5,479
2025-01-06,2397.0,66.6,480
2025-01-07,2414.0,66.0,481
2025-01-08,2461.0,65.0,482
2025-01-09,2542.0,65.2,483
2025-01-10,2505.0,65.2,484
2025-01-11,2603.0,65.9,485
2025-01-12,2581.0,65.9,486
2025-01-13,2527.0,65.9,487
2025-01-14,2529.0,,488
2025-01-15,2352.0,65.9,489
2025-01-16,2620.0,65.9,490
2025-01-17,2491.0,66.5,491
2025-01-18,2536.0,66.8,492
2025-01-19,2072.0,67.7,493
2025-01-20,1924.0,67.8,494
2025-01-21,2154.0,66.9,495
2025-01-22,2259.0,67.1,496
2025-01-23,2259.0,67.3,497
2025-01-24,2345.0,66.6,498
2025-01-25,2276.0,67.4,499
2025-01-26,2296.0,66.9,500
2025-01-27,2122.0,67.8,501
2025-01-28,2603.0,66.7,502
2025-01-29,2445.0,,503
2025-01-30,2399.0,,504
2025-01-31,2284.0,67.2,505
2025-02-01,1965.0,,506
2025-02-02,1977.0,67.7,507
2025-02-03,2008.0,67.7,508
2025-02-04,1966.0,68.1,509
2025-02-05,2241.0,68.2,510
2025-02-06,2275.0,67.7,511
2025-02-07,1705.0,67.3,512
2025-02-08,1967.0,67.1,513
2025-02-09,2068.0,,514
2025-02-10,2379.0,66.6,515
2025-02-11,2492.0,67.1,516
2025-02-12,2678.0,67.8,517
2025-02-13,,,518
2025-02-14,,,519
2025-02-15,,,520
2025-02-16,,,521
2025-02-17,2201.0,,522
2025-02-18,2034.0,66.6,523
2025-02-19,2317.0,,524
2025-02-20,2138.0,66.2,525
2025-02-21,2007.0,66.8,526
2025-02-22,1797.0,,527
2025-02-23,1985.0,66.4,528
2025-02-24,1769.0,,529
2025-02-25,1953.0,,530
2025-02-26,1705.0,,531
2025-02-27,2046.0,67.0,532
2025-02-28,2031.0,67.0,533
2025-03-01,1693.0,67.1,534
2025-03-02,1441.0,67.1,535
2025-03-03,1735.0,67.4,536
2025-03-04,1713.0,66.2,537
2025-03-05,1817.0,66.7,538
2025-03-06,1657.0,66.7,539
2025-03-07,1725.0,66.8,540
2025-03-08,1863.0,,541
2025-03-09,1816.0,66.8,542
2025-03-10,1809.0,66.2,543
2025-03-11,1374.0,,544
2025-03-12,1580.0,,545
2025-03-13,1456.0,65.9,546
2025-03-14,1581.0,66.3,547
2025-03-15,1395.0,67.1,548
2025-03-16,1579.0,,549
2025-03-17,1697.0,67.1,550
2025-03-18,1487.0,67.1,551
2025-03-19,1717.0,66.6,552
2025-03-20,1710.0,,553
2025-03-21,1765.0,67.6,554
2025-03-22,2143.0,67.4,555
2025-03-23,1616.0,67.4,556
2025-03-24,1684.0,67.2,557
2025-03-25,1736.0,66.4,558
2025-03-26,1984.0,66.5,559
2025-03-27,1639.0,67.3,560
2025-03-28,1905.0,67.2,561
2025-03-29,1736.0,66.7,562
2025-03-30,1790.0,,563
2025-03-31,1949.0,,564
2025-04-01,1863.0,66.3,565
2025-04-02,2000.0,,566
2025-04-03,1903.0,,567
2025-04-04,1741.0,67.5,568
2025-04-05,1969.0,67.9,569
2025-04-06,1496.0,67.0,570
2025-04-07,1837.0,66.0,571
2025-04-08,1903.0,67.1,572
2025-04-09,1512.0,,573
2025-04-10,1706.0,,574
2025-04-11,1792.0,66.4,575
2025-04-12,1753.0,67.1,576
2025-04-13,1965.0,,577
2025-04-14,2014.0,67.1,578
2025-04-15,1947.0,65.8,579
2025-04-16,1982.0,66.7,580
2025-04-17,1989.0,66.7,581
2025-04-18,1952.0,66.0,582
2025-04-19,2036.0,66.6,583
2025-04-20,1940.0,66.6,584
2025-04-21,1960.0,66.5,585
2025-04-22,2085.0,,586
2025-04-23,2162.0,65.8,587
2025-04-24,2037.0,65.8,588
2025-04-25,2158.0,66.4,589
2025-04-26,2183.0,66.7,590
2025-04-27,2098.0,66.2,591
2025-04-28,2155.0,66.4,592
2025-04-29,2170.0,66.6,593
2025-04-30,2133.0,65.9,594
2025-05-01,2281.0,66.9,595
2025-05-02,2274.0,67.2,596
2025-05-03,2131.0,,597
2025-05-04,2287.0,66.9,598
2025-05-05,2056.0,,599
2025-05-06,2355.0,67.0,600
2025-05-07,2191.0,66.9,601
2025-05-08,1966.0,67.2,602
2025-05-09,2204.0,,603
2025-05-10,1602.0,67.2,604
2025-05-11,2200.0,,605
2025-05-12,2306.0,67.2,606
2025-05-13,2193.0,67.4,607
2025-05-14,2193.0,67.4,608
2025-05-15,2080.0,67.4,609
2025-05-16,2171.0,67.8,610
2025-05-17,2187.0,,611
2025-05-18,2136.0,68.3,612
2025-05-19,2208.0,68.4,613
2025-05-20,2215.0,68.0,614
2025-05-21,2199.0,67.3,615
2025-05-22,2193.0,,616
2025-05-23,2251.0,,617
2025-05-24,2069.0,67.8,618
2025-05-25,2126.0,68.3,619
2025-05-26,2023.0,,620
2025-05-27,2197.0,67.7,621
2025-05-28,2144.0,67.7,622
2025-05-29,2587.0,68.3,623
2025-05-30,2178.0,68.3,624
2025-05-31,2058.0,68.3,625
2025-06-01,2179.0,68.2,626
2025-06-02,2232.0,68.8,627
2025-06-03,2137.0,69.3,628
2025-06-04,2138.0,68.4,629
2025-06-05,2215.0,,630
2025-06-06,2239.0,67.8,631
2025-06-07,2113.0,68.4,632
2025-06-08,2108.0,68.1,633
2025-06-09,2119.0,68.1,634
2025-06-10,2072.0,,635
2025-06-11,2163.0,68.1,636
2025-06-12,2121.0,68.8,637
2025-06-13,2339.0,68.3,638
2025-06-14,2195.0,68.3,639
2025-06-15,2384.0,,640
2025-06-16,2176.0,69.1,641
2025-06-17,2063.0,68.5,642
2025-06-18,2182.0,,643
2025-06-19,2038.0,68.9,644
2025-06-20,2221.0,68.2,645
2025-06-21,2252.0,67.7,646
2025-06-22,2266.0,68.2,647
2025-06-23,2199.0,68.3,648
2025-06-24,2124.0,,649
2025-06-25,1847.0,,650
2025-06-26,2032.0,68.1,651
2025-06-27,1964.0,68.1,652
2025-06-28,2110.0,68.3,653
2025-06-29,1826.0,68.4,654
2025-06-30,1979.0,69.1,655
2025-07-01,1986.0,68.7,656
2025-07-02,2228.0,68.2,657
2025-07-03,1649.0,,658
2025-07-04,2071.0,68.8,659
2025-07-05,2049.0,68.8,660
2025-07-06,1903.0,68.4,661
2025-07-07,2241.0,68.4,662
2025-07-08,1978.0,68.2,663
2025-07-09,1888.0,68.9,664
2025-07-10,1673.0,68.8,665
2025-07-11,1971.0,,666
2025-07-12,2225.0,68.2,667
2025-07-13,2054.0,69.4,668
2025-07-14,1840.0,69.1,669
2025-07-15,1787.0,69.1,670
2025-07-16,1857.0,68.2,671
2025-07-17,1831.0,68.2,672
2025-07-18,1758.0,,673
2025-07-19,1660.0,68.4,674
2025-07-20,1781.0,67.7,675
2025-07-21,1854.0,68.2,676
2025-07-22,1816.0,68.2,677
2025-07-23,1638.0,67.6,678
2025-07-24,1859.0,68.4,679
2025-07-25,1732.0,68.4,680
2025-07-26,1910.0,,681
2025-07-27,1580.0,68.0,682
2025-07-28,1431.0,,683
2025-07-29,1984.0,67.7,684
2025-07-30,1914.0,66.9,685
2025-07-31,1664.0,,686
2025-08-01,1887.0,68.0,687
2025-08-02,1827.0,67.8,688
2025-08-03,1783.0,,689
2025-08-04,1875.0,,690
2025-08-05,1591.0,67.8,691
2025-08-06,1405.0,66.9,692
2025-08-07,1811.0,,693
2025-08-08,1792.0,,694
2025-08-09,1873.0,66.9,695
2025-08-10,1781.0,67.4,696
2025-08-11,1797.0,67.9,697
2025-08-12,1607.0,66.4,698
2025-08-13,1785.0,66.9,699
2025-08-14,1872.0,67.5,700
2025-08-15,1749.0,,701
2025-08-16,1736.0,67.0,702
2025-08-17,1918.0,,703
2025-08-18,2023.0,67.1,704
2025-08-19,1680.0,,705
2025-08-20,1888.0,67.3,706
2025-08-21,1821.0,67.3,707
2025-08-22,1677.0,66.9,708
2025-08-23,1898.0,66.0,709
2025-08-24,1646.0,66.3,710
2025-08-25,1848.0,65.6,711
2025-08-26,1845.0,65.6,712
2025-08-27,1801.0,,713
2025-08-28,1652.0,65.5,714
2025-08-29,1752.0,65.3,715
2025-08-30,1923.0,,716
2025-08-31,1817.0,65.8,717
2025-09-01,1818.0,66.4,718
2025-09-02,1590.0,66.4,719
2025-09-03,1855.0,65.9,720
2025-09-04,1787.0,65.7,721
2025-09-05,1773.0,65.3,722
2025-09-06,1461.0,,723
2025-09-07,1785.0,65.4,724
2025-09-08,1738.0,65.7,725
2025-09-09,1370.0,,726
2025-09-10,1703.0,65.4,727
2025-09-11,1653.0,65.6,728
2025-09-12,1798.0,66.0,729
2025-09-13,1786.0,,730
2025-09-14,2034.0,65.3,731
2025-09-15,1851.0,65.8,732
2025-09-16,1766.0,66.1,733
2025-09-17,1790.0,66.3,734
2025-09-18,1719.0,65.7,735
2025-09-19,1652.0,65.3,736
2025-09-20,1829.0,65.2,737
2025-09-21,1706.0,,738
2025-09-22,1742.0,65.5,739
2025-09-23,1825.0,64.8,740
2025-09-24,1770.0,64.8,741
2025-09-25,1781.0,,742
2025-09-26,1890.0,65.3,743
2025-09-27,1387.0,65.3,744
2025-09-28,1787.0,65.3,745
2025-09-29,1731.0,65.2,746
2025-09-30,1835.0,65.2,747
2025-10-01,1916.0,64.7,748
2025-10-02,2328.0,64.7,749
2025-10-03,2049.0,66.2,750
2025-10-04,2053.0,64.6,751
2025-10-05,2077.0,,752
2025-10-06,2078.0,,753
2025-10-07,2050.0,64.0,754
2025-10-08,2015.0,64.0,755
2025-10-09,1804.0,64.1,756
2025-10-10,2104.0,64.1,757
2025-10-11,2205.0,64.0,758
2025-10-12,2076.0,64.4,759
2025-10-13,2058.0,64.7,760
2025-10-14,2242.0,,761
2025-10-15,1939.0,64.4,762
2025-10-16,2251.0,64.6,763
2025-10-17,2039.0,64.6,764
2025-10-18,2025.0,64.6,765
2025-10-19,2022.0,64.6,766
2025-10-20,2266.0,65.1,767
2025-10-21,2263.0,64.9,768
2025-10-22,2159.0,64.6,769
2025-10-23,2037.0,,770
2025-10-24,2025.0,64.6,771
2025-10-25,2037.0,64.5,772
2025-10-26,2126.0,,773
2025-10-27,2379.0,66.0,774
2025-10-28,2351.0,,775
2025-10-29,2157.0,65.2,776
2025-10-30,2565.0,65.3,777
2025-10-31,2118.0,65.3,778
2025-11-01,2297.0,64.5,779
2025-11-02,2238.0,64.5,780
2025-11-03,2392.0,64.9,781
2025-11-04,1824.0,,782
2025-11-05,1976.0,,783
2025-11-06,2287.0,,784
2025-11-07,2355.0,65.5,785
2025-11-08,2239.0,65.5,786
2025-11-09,2238.0,65.1,787
2025-11-10,2165.0,,788
2025-11-11,2265.0,65.7,789
2025-11-12,1617.0,65.9,790
2025-11-13,2213.0,65.2,791
2025-11-14,2321.0,65.2,792
2025-11-15,2169.0,65.9,793
2025-11-16,2333.0,,794
2025-11-17,2142.0,,795
2025-11-18,2363.0,65.5,796
2025-11-19,1896.0,,797
2025-11-20,1743.0,65.5,798
2025-11-21,2185.0,65.0,799
2025-11-22,2100.0,65.8,800
2025-11-23,2220.0,65.8,801
2025-11-24,2383.0,66.9,802
2025-11-25,1674.0,65.9,803
2025-11-26,1864.0,,804
2025-11-27,2713.0,66.1,805
2025-11-28,1984.0,66.1,806
2025-11-29,2224.0,66.4,807
2025-11-30,2224.0,,808
2025-12-01,2211.0,66.9,809
2025-12-02,2283.0,65.0,810
2025-12-03,2277.0,66.2,811
2025-12-04,2294.0,66.6,812
2025-12-05,2400.0,66.6,813
2025-12-06,2221.0,66.6,814
2025-12-07,1981.0,,815
2025-12-08,2098.0,66.6,816
2025-12-09,2392.0,66.1,817
2025-12-10,1668.0,66.6,818
2025-12-11,1964.0,,819
2025-12-12,2301.0,66.4,820
2025-12-13,2299.0,66.4,821
2025-12-14,2117.0,66.4,822
2025-12-15,2137.0,,823
2025-12-16,2213.0,,824
2025-12-17,2533.0,,825
2025-12-18,2079.0,,826
2025-12-19,2797.0,,827
2025-12-20,1970.0,,828
2025-12-21,1976.0,,829
2025-12-22,1510.0,,830
2025-12-23,1815.0,67.0,831
2025-12-24,1647.0,65.7,832
2025-12-25,859.0,65.2,833
2025-12-26,1815.0,65.6,834
2025-12-27,1701.0,,835
2025-12-28,1605.0,,836
2025-12-29,2171.0,66.2,837
2025-12-30,1876.0,66.2,838
2025-12-31,2234.0,,839
2026-01-01,1880.0,66.0,840
2026-01-02,,66.8,841
2026-01-03,1837.0,67.2,842
2026-01-04,1765.0,67.2,843
2026-01-05,1473.0,66.1,844
2026-01-06,2003.0,,845
2026-01-07,2156.0,66.6,846
2026-01-08,2094.0,,847
2026-01-09,2173.0,66.9,848
2026-01-10,2280.0,66.4,849
2026-01-11,2202.0,,850
2026-01-12,1964.0,,851
2026-01-13,2168.0,66.3,852
2026-01-14,2063.0,,853
2026-01-15,2621.0,66.3,854
2026-01-16,2632.0,,855
2026-01-17,1536.0,67.3,856
2026-01-18,1647.0,66.9,857
2026-01-19,2058.0,,858
2026-01-20,2321.0,,859
2026-01-21,1516.0,,860
2026-01-22,2175.0,66.3,861
2026-01-23,1523.0,66.8,862
2026-01-24,2293.0,66.8,863
2026-01-25,2150.0,,864
2026-01-26,2100.0,67.1,865
2026-01-27,2456.0,66.5,866
2026-01-28,2247.0,,867
2026-01-29,2230.0,66.5,868
2026-01-30,2284.0,,869
2026-01-31,1912.0,,870
2026-02-01,2465.0,,871
2026-02-02,1916.0,,872
2026-02-03,2045.0,66.2,873
2026-02-04,1642.0,66.7,874
2026-02-05,2041.0,67.4,875
2026-02-06,2411.0,66.2,876
2026-02-07,2429.0,66.9,877
2026-02-08,2333.0,67.4,878
2026-02-09,2756.0,66.8,879
2026-02-10,2796.0,66.8,880
2026-02-11,2169.0,66.8,881
2026-02-12,2042.0,,882
2026-02-13,2603.0,67.2,883
2026-02-14,2259.0,67.0,884
2026-02-15,1909.0,67.8,885
2026-02-16,1965.0,66.9,886
2026-02-17,2233.0,66.3,887
2026-02-18,2330.0,,888
2026-02-19,2110.0,66.7,889
2026-02-20,2022.0,67.4,890
2026-02-21,2062.0,,891
2026-02-22,1950.0,67.2,892
2026-02-23,2013.0,67.2,893
2026-02-24,1966.0,67.2,894
2026-02-25,2282.0,66.5,895
2026-02-26,1606.0,67.0,896
2026-02-27,1634.0,66.3,897
2026-02-28,1223.0,66.8,898
2026-03-01,2167.0,68.2,899
2026-03-02,1924.0,,900
2026-03-03,2908.0,67.6,901
2026-03-04,2255.0,67.8,902
2026-03-05,1722.0,67.3,903
2026-03-06,2249.0,67.3,904
2026-03-07,2496.0,68.6,905
2026-03-08,2166.0,68.0,906
2026-03-09,2429.0,67.7,907
2026-03-10,2032.0,67.5,908
2026-03-11,2188.0,67.5,909
2026-03-12,1732.0,67.5,910
2026-03-13,2041.0,67.5,911
2026-03-14,1958.0,67.7,912
2026-03-15,2008.0,67.2,913
2026-03-16,1815.0,67.6,914
2026-03-17,1727.0,66.6,915
2026-03-18,1619.0,67.2,916
2026-03-19,1846.0,67.6,917
2026-03-20,1793.0,67.6,918
2026-03-21,2072.0,,919
2026-03-22,2226.0,67.6,920
2026-03-23,2123.0,67.1,921
2026-03-24,1767.0,67.7,922
2026-03-25,2330.0,67.5,923
2026-03-26,1958.0,,924
2026-03-27,1596.0,67.5,925
2026-03-28,1391.0,67.5,926
2026-03-29,1649.0,67.8,927
2026-03-30,2325.0,67.1,928
2026-03-31,1862.0,,929
2026-04-01,1997.0,,930
2026-04-02,1642.0,,931
2026-04-03,2365.0,67.4,932
2026-04-04,1486.0,,933
2026-04-05,2006.0,,934
2026-04-06,2062.0,67.4,935
2026-04-07,2020.0,67.5,936
2026-04-08,2187.0,,937
2026-04-09,2246.0,67.6,938
2026-04-10,1805.0,68.2,939
2026-04-11,1815.0,,940
2026-04-12,1708.0,,941
2026-04-13,2239.0,,942
2026-04-14,2350.0,67.0,943
2026-04-15,1759.0,,944
2026-04-16,1861.0,67.0,945
2026-04-17,1716.0,,946
2026-04-18,1660.0,,947
2026-04-19,1652.0,,948
2026-04-20,2346.0,67.2,949
2026-04-21,1462.0,67.7,950
2026-04-22,2204.0,,951
2026-04-23,2321.0,68.0,952
2026-04-24,1838.0,67.5,953
2026-04-25,2351.0,,954
2026-04-26,1939.0,,955
2026-04-27,1915.0,,956
2026-04-28,2154.0,67.5,957
2026-04-29,2095.0,67.4,958
2026-04-30,2292.0,67.0,959
2026-05-01,2317.0,67.5,960
2026-05-02,2044.0,,961
2026-05-03,1862.0,67.2,962
2026-05-04,1896.0,,963
2026-05-05,1717.0,,964
2026-05-06,2170.0,67.6,965
2026-05-07,2115.0,67.2,966
2026-05-08,2389.0,67.7,967
2026-05-09,2224.0,67.9,968
2026-05-10,1925.0,68.6,969
2026-05-11,2397.0,67.8,970
2026-05-12,1679.0,67.1,971
2026-05-13,1622.0,,972
2026-05-14,1968.0,68.4,973
2026-05-15,1664.0,,974
2026-05-16,1853.0,67.7,975
2026-05-17,2079.0,67.3,976
2026-05-18,2074.0,67.7,977
2026-05-19,2356.0,67.7,978
2026-05-20,2023.0,68.3,979
2026-05-21,1899.0,68.8,980
2026-05-22,2326.0,68.8,981
2026-05-23,1858.0,68.7,982
2026-05-24,1820.0,,983
2026-05-25,2144.0,68.8,984
2026-05-26,2013.0,,985
2026-05-27,1398.0,68.8,986
2026-05-28,2441.0,,987
2026-05-29,2485.0,,988
2026-05-30,1735.0,,989
2026-05-31,2206.0,,990
2026-06-01,1783.0,68.3,991
2026-06-02,1447.0,67.6,992
2026-06-03,1927.0,67.7,993
2026-06-04,1968.0,,994
2026-06-05,1857.0,68.1,995
2026-06-06,1995.0,68.1,996
2026-06-07,2003.0,68.0,997
2026-06-08,2028.0,68.4,998
2026-06-09,1917.0,69.0,999
2026-06-10,1874.0,68.2,1000
2026-06-11,2251.0,68.5,1001
2026-06-12,1909.0,68.5,1002
2026-06-13,1929.0,68.5,1003
2026-06-14,1664.0,68.2,1004
2026-06-15,1975.0,68.2,1005
2026-06-16,1746.0,68.1,1006
2026-06-17,1281.0,67.2,1007
2026-06-18,1872.0,68.7,1008
2026-06-19,2000.0,68.9,1009
2026-06-20,1491.0,,1010
2026-06-21,1653.0,,1011
2026-06-22,1805.0,69.2,1012
2026-06-23,1795.0,68.3,1013
2026-06-24,1470.0,68.7,1014
2026-06-25,1808.0,68.7,1015
2026-06-26,1898.0,69.3,1016
2026-06-27,1830.0,68.9,1017
2026-06-28,1880.0,68.8,1018
