Date,Calories,Weight,day,Weight_linear,Weight_spline,Calories_linear,Calories_spline
2023-09-14,725.0,81.0,0,80.0,80.14643191574935,725.0,725.0
2023-09-15,1095.0,,1,80.0,80.1831177399274,1095.0,1095.0
2023-09-16,1434.0,,2,80.0,80.2064306820257,1153.3333333333333,1104.4763678392183
2023-09-17,958.0,,3,80.0,80.21710815484475,1211.6666666666667,1060.4645517588274
2023-09-18,1270.0,,4,80.0,80.21588757118501,1270.0,1270.0
2023-09-19,1598.0,,5,80.0,80.20350634384701,1598.0,1598.0
2023-09-20,1126.0,,6,80.0,80.18070188563124,1126.0,1126.0
2023-09-21,1398.0,,7,80.0,80.14821160933813,1398.0,1398.0
2023-09-22,1422.0,,8,80.0,80.10677292776825,1422.0,1422.0
2023-09-23,1477.0,,9,80.0,80.05712325372204,1477.0,1477.0
2023-09-24,1443.0,80.0,10,80.0,80.0,1471.0,1646.6199737958812
2023-09-25,1465.0,,11,79.91666666666667,79.93614057940263,1465.0,1465.0
2023-09-26,1002.0,,12,79.83333333333333,79.86628240473041,1002.0,1002.0
2023-09-27,1530.0,,13,79.75,79.79116288878386,1530.0,1530.0
2023-09-28,1095.0,,14,79.66666666666667,79.71151944436343,1095.0,1095.0
2023-09-29,1117.0,,15,79.58333333333333,79.62808948426965,1117.0,1117.0
2023-09-30,1299.0,,16,79.5,79.54161042130299,1299.0,1299.0
2023-10-01,1365.0,,17,79.41666666666667,79.45281966826393,1365.0,1365.0
2023-10-02,1104.0,,18,79.33333333333333,79.36245463795298,1104.0,1104.0
2023-10-03,1246.0,79.4,19,79.25,79.27125274317062,1246.0,1246.0
2023-10-04,1279.0,,20,79.16666666666667,79.17995139671733,1279.0,1279.0
2023-10-05,1396.0,,21,79.08333333333333,79.08928801139362,1396.0,1396.0
2023-10-06,1579.0,79.0,22,79.0,79.0,1579.0,1579.0
2023-10-07,1718.0,,23,78.92,78.91282477533692,1338.5,1402.1196237142556
2023-10-08,1098.0,,24,78.84,78.82849975020488,1098.0,1098.0
2023-10-09,1297.0,,25,78.75999999999999,78.7477623374044,1206.0,1031.6879117701558
2023-10-10,1314.0,,26,78.67999999999999,78.67134994973593,1314.0,1314.0
2023-10-11,1767.0,78.6,27,78.6,78.6,1767.0,1767.0
2023-10-12,1710.0,,28,78.53333333333333,78.53357216372328,1710.0,1710.0
2023-10-13,1546.0,,29,78.46666666666667,78.46841516733735,1717.25,1636.298249665261
2023-10-14,1345.0,78.4,30,78.4,78.4,1724.5,1665.4716205097482
2023-10-15,1412.0,78.2,31,78.28,78.3233933611125,1731.75,1724.1591810993618
2023-10-16,1739.0,,32,78.16,78.23204479105004,1739.0,1739.0
2023-10-17,1421.0,,33,78.04,78.11899954043135,1700.0,1676.295934902819
2023-10-18,1661.0,,34,77.92,77.97730285987508,1661.0,1661.0
2023-10-19,1689.0,77.8,35,77.8,77.8,1689.0,1689.0
2023-10-20,1423.0,77.6,36,77.6,77.6,1423.0,1423.0
2023-10-21,1412.0,77.5,37,77.5090909090909,77.44856398682015,1412.0,1412.0
2023-10-22,1475.0,77.3,38,77.41818181818181,77.35240460978137,1475.0,1475.0
2023-10-23,1733.0,,39,77.32727272727273,77.29713145165466,1631.0,1690.7331227113052
2023-10-24,1787.0,,40,77.23636363636363,77.2683540952111,1787.0,1787.0
2023-10-25,1622.0,,41,77.14545454545454,77.25168212322166,1622.0,1622.0
2023-10-26,1702.0,76.9,42,77.05454545454545,77.23272511845741,1702.0,1702.0
2023-10-27,1568.0,,43,76.96363636363635,77.19709266368938,1568.0,1568.0
2023-10-28,1292.0,,44,76.87272727272726,77.13039434168859,1618.5,1617.5990586865853
2023-10-29,1669.0,,45,76.78181818181818,77.01823973522606,1669.0,1669.0
2023-10-30,1524.0,,46,76.69090909090909,76.84623842707286,1524.0,1524.0
2023-10-31,1569.0,76.6,47,76.6,76.6,1569.0,1569.0
2023-11-01,1460.0,76.3,48,76.3,76.3,1460.0,1460.0
2023-11-02,1490.0,,49,76.1,76.0670104709571,1588.0,1477.213082934383
2023-11-03,1716.0,75.9,50,75.9,75.9,1716.0,1716.0
2023-11-04,1903.0,,51,75.82307692307693,75.76489520898339,1903.0,1903.0
2023-11-05,1458.0,,52,75.74615384615385,75.65212427864313,1458.0,1458.0
2023-11-06,1685.0,,53,75.66923076923078,75.55824077943541,1685.0,1685.0
2023-11-07,1289.0,,54,75.5923076923077,75.47979828181631,1673.3333333333333,1900.8234296519674
2023-11-08,1887.0,75.4,55,75.51538461538462,75.41335035624205,1661.6666666666667,1868.320264357525
2023-11-09,1650.0,,56,75.43846153846154,75.35545057316875,1650.0,1650.0
2023-11-10,1470.0,,57,75.36153846153847,75.30265250305258,1470.0,1470.0
2023-11-11,1792.0,,58,75.28461538461539,75.25150971634973,1792.0,1792.0
2023-11-12,1432.0,,59,75.20769230769231,75.19857578351629,1722.6666666666667,1890.0076661744993
2023-11-13,1380.0,,60,75.13076923076923,75.14040427500844,1653.3333333333333,1737.3673855858071
2023-11-14,1584.0,,61,75.05384615384617,75.07354876128234,1584.0,1584.0
2023-11-15,1574.0,,62,74.97692307692309,74.99456281279414,1574.0,1574.0
2023-11-16,1393.0,74.9,63,74.9,74.9,1494.0,1509.7274528141756
2023-11-17,1414.0,74.7,64,74.7,74.7,1414.0,1414.0
2023-11-18,1632.0,74.2,65,74.2,74.2,1464.5,1372.6388646309708
2023-11-19,1492.0,74.0,66,74.0,74.0,1515.0,1397.195670332428
2023-11-20,1675.0,,67,74.3,74.37765973932105,1565.5,1480.6546408676709
2023-11-21,1616.0,74.6,68,74.6,74.6,1616.0,1616.0
2023-11-22,1749.0,74.1,69,74.1,74.1,1749.0,1749.0
2023-11-23,1546.0,73.7,70,73.7,73.7,1678.5,1714.0133301287467
2023-11-24,1608.0,73.6,71,73.6,73.6,1608.0,1608.0
2023-11-25,1688.0,73.4,72,73.4,73.4,1634.5,1577.9305060300612
2023-11-26,1661.0,,73,73.9,73.84478541085217,1661.0,1661.0
2023-11-27,1735.0,74.4,74,74.4,74.4,1735.0,1735.0
2023-11-28,1457.0,74.4,75,74.4,74.4,1457.0,1457.0
2023-11-29,1429.0,74.2,76,74.2,74.2,1520.25,1373.4261906344645
2023-11-30,1352.0,73.8,77,73.8,73.8,1583.5,1509.2132492032015
2023-12-01,1925.0,73.5,78,73.53333333333333,73.29890677307819,1646.75,1682.1436831703381
2023-12-02,1710.0,73.2,79,73.26666666666667,72.9431721176221,1710.0,1710.0
2023-12-03,1473.0,73.0,80,73.0,73.0,1473.0,1473.0
2023-12-04,1220.0,73.4,81,73.4,73.4,1220.0,1220.0
2023-12-05,1363.0,72.8,82,72.95,73.13617288857007,1363.0,1363.0
2023-12-06,1312.0,72.5,83,72.5,72.5,1312.0,1312.0
2023-12-07,1253.0,,84,72.44,72.06338979476396,1414.5,1405.6094096815912
2023-12-08,1517.0,,85,72.38,71.88488428815195,1517.0,1517.0
2023-12-09,1746.0,,86,72.32000000000001,71.89468388415798,1420.0,1418.4840342861366
2023-12-10,1323.0,,87,72.26,72.022988986776,1323.0,1323.0
2023-12-11,1604.0,72.2,88,72.2,72.2,1402.5,1434.704453173862
2023-12-12,1482.0,,89,72.10000000000001,72.34016649288886,1482.0,1482.0
2023-12-13,1332.0,,90,72.0,72.29493469476105,1332.0,1332.0
2023-12-14,1387.0,71.9,91,71.9,71.9,1387.0,1387.0
2023-12-15,1073.0,71.3,92,71.3,71.3,1073.0,1073.0
2023-12-16,1456.0,,93,71.55,71.43591959931818,1456.0,1456.0
2023-12-17,1585.0,71.8,94,71.8,71.8,1585.0,1585.0
2023-12-18,1817.0,71.9,95,71.46666666666667,71.66767562247416,1817.0,1817.0
2023-12-19,1279.0,,96,71.13333333333333,71.20483966022485,1555.5,1625.5652291122838
2023-12-20,1294.0,70.8,97,70.8,70.8,1294.0,1294.0
2023-12-21,1389.0,,98,70.75,70.71437188697067,1389.0,1389.0
2023-12-22,1864.0,70.7,99,70.7,70.7,1864.0,1864.0
2023-12-23,1541.0,,100,70.5,70.49613224470177,1541.0,1541.0
2023-12-24,1851.0,70.3,101,70.3,70.3,1497.5,1450.9078133350258
2023-12-25,1454.0,,102,70.4,70.33859913422226,1454.0,1454.0
2023-12-26,1265.0,70.5,103,70.5,70.5,1265.0,1265.0
2023-12-27,1471.0,,104,70.425,70.62130573880019,1471.0,1471.0
2023-12-28,1402.0,,105,70.35,70.67467616312797,1402.0,1402.0
2023-12-29,1387.0,,106,70.275,70.66603525324813,1387.0,1387.0
2023-12-30,1696.0,,107,70.2,70.60130698942538,1375.5,1361.6472871217327
2023-12-31,1364.0,,108,70.125,70.48641535192445,1364.0,1364.0
2024-01-01,1423.0,,109,70.05000000000001,70.3272843210101,1519.0,1480.7428135205687
2024-01-02,1677.0,,110,69.97500000000001,70.12983787694704,1674.0,1663.2339456205752
2024-01-03,1829.0,69.9,111,69.9,69.9,1829.0,1829.0
2024-01-04,1885.0,69.7,112,69.7,69.7,1885.0,1885.0
2024-01-05,1883.0,,113,69.9,69.7553358209441,1883.0,1883.0
2024-01-06,2135.0,70.1,114,70.1,70.1,2135.0,2135.0
2024-01-07,1886.0,,115,70.3,70.63601901184663,1886.0,1886.0
2024-01-08,1865.0,,116,70.5,70.98536581760344,1865.0,1865.0
2024-01-09,1544.0,70.7,117,70.7,70.7,1544.0,1544.0
2024-01-10,1773.0,70.0,118,70.0,70.0,1773.0,1773.0
2024-01-11,1445.0,70.4,119,70.4,70.4,1445.0,1445.0
2024-01-12,1737.0,69.9,120,69.9,69.9,1609.5,1622.3097250182525
2024-01-13,1774.0,,121,70.2,69.81209672847892,1774.0,1774.0
2024-01-14,1358.0,,122,70.5,70.27456671310544,1358.0,1358.0
2024-01-15,1528.0,70.8,123,70.8,70.8,1528.0,1528.0
2024-01-16,1469.0,,124,70.66666666666667,70.99432070433876,1469.0,1469.0
2024-01-17,1391.0,,125,70.53333333333333,70.83678921752059,1391.0,1391.0
2024-01-18,1233.0,70.4,126,70.4,70.4,1233.0,1233.0
2024-01-19,1582.0,69.9,127,69.9,69.9,1582.0,1582.0
2024-01-20,1319.0,,128,70.05000000000001,69.89999014962761,1319.0,1319.0
2024-01-21,1683.0,70.2,129,70.2,70.2,1683.0,1683.0
2024-01-22,1706.0,,130,70.08571428571429,70.44687565199705,1706.0,1706.0
2024-01-23,1486.0,,131,69.97142857142858,70.58135327430786,1486.0,1486.0
2024-01-24,1685.0,,132,69.85714285714286,70.6176415525739,1685.0,1685.0
2024-01-25,1538.0,,133,69.74285714285715,70.56994917243664,1538.0,1538.0
2024-01-26,1336.0,,134,69.62857142857143,70.4524848195375,1336.0,1336.0
2024-01-27,1965.0,,135,69.51428571428572,70.27945717951795,1965.0,1965.0
2024-01-28,,,136,69.4,70.06507493801942,1938.0,2490.4962955736405
2024-01-29,,,137,69.28571428571428,69.82354678068333,1911.0,2677.975993590369
2024-01-30,,,138,69.17142857142856,69.5690813931512,1884.0,2615.2026535457776
2024-01-31,1259.0,,139,69.05714285714285,69.31588746106443,1857.0,2389.9398349354574
2024-02-01,1285.0,69.0,140,68.94285714285714,69.07817367006449,1830.0,2089.9510972550006
2024-02-02,1803.0,,141,68.82857142857142,68.87014870579279,1803.0,1803.0
2024-02-03,1643.0,,142,68.71428571428571,68.70602125389081,1551.0,1576.8169820724545
2024-02-04,1299.0,68.6,143,68.6,68.6,1299.0,1299.0
2024-02-05,1820.0,68.5,144,68.5,68.5,1298.5,982.0234538221127
2024-02-06,1298.0,,145,68.33333333333333,68.20734111025581,1298.0,1298.0
2024-02-07,2232.0,,146,68.16666666666667,67.93136683550063,2232.0,2232.0
2024-02-08,1720.0,68.0,147,68.0,68.0,1720.0,1720.0
2024-02-09,1633.0,68.5,148,68.5,68.5,1633.0,1633.0
2024-02-10,2075.0,68.1,149,68.5,68.76293162549781,2075.0,2075.0
2024-02-11,1595.0,,150,68.5,68.71703266178933,1595.0,1595.0
2024-02-12,1816.0,68.5,151,68.5,68.5,1816.0,1816.0
2024-02-13,1498.0,,152,68.43333333333334,68.22929392941623,1498.0,1498.0
2024-02-14,1712.0,,153,68.36666666666667,67.94142833196821,1712.0,1712.0
2024-02-15,1571.0,,154,68.3,67.65268048774705,1571.0,1571.0
2024-02-16,1718.0,,155,68.23333333333333,67.37932767684387,1718.0,1718.0
2024-02-17,1526.0,,156,68.16666666666667,67.13764717934977,1526.0,1526.0
2024-02-18,,,157,68.1,66.9439162753559,1658.0,1723.1782290454992
2024-02-19,1790.0,,158,68.03333333333333,66.81441224495339,1790.0,1790.0
2024-02-20,1442.0,,159,67.96666666666667,66.76541236823333,1442.0,1442.0
2024-02-21,1910.0,,160,67.9,66.81319392528682,1910.0,1910.0
2024-02-22,1317.0,,161,67.83333333333334,66.97403419620503,1317.0,1317.0
2024-02-23,1730.0,,162,67.76666666666667,67.26421046107905,1501.5,1246.885715881799
2024-02-24,1686.0,67.7,163,67.7,67.7,1686.0,1686.0
2024-02-25,1834.0,68.6,164,67.825,68.25041702277815,1834.0,1834.0
2024-02-26,1423.0,,165,67.95,68.69542345810025,1423.0,1423.0
2024-02-27,1827.0,,166,68.075,68.76771816437223,1827.0,1827.0
2024-02-28,1614.0,68.2,167,68.2,68.2,1614.0,1614.0
2024-02-29,1670.0,67.1,168,67.1,67.1,1670.0,1670.0
2024-03-01,1530.0,,169,67.2,66.67613216111742,1467.5,1405.6968510625702
2024-03-02,1265.0,,170,67.3,66.91405967785447,1265.0,1265.0
2024-03-03,1665.0,67.4,171,67.4,67.4,1665.0,1665.0
2024-03-04,1777.0,67.8,172,67.8,67.8,1580.0,1607.6429513191244
2024-03-05,1495.0,,173,67.73125,68.0901093954544,1495.0,1495.0
2024-03-06,1748.0,,174,67.6625,68.28894794472195,1748.0,1748.0
2024-03-07,1624.0,,175,67.59375,68.4058205606869,1624.0,1624.0
2024-03-08,1791.0,,176,67.525,68.4500321562334,1791.0,1791.0
2024-03-09,1534.0,,177,67.45625,68.43088764424567,1534.0,1534.0
2024-03-10,1540.0,,178,67.3875,68.35769193760788,1628.5,1639.49954072029
2024-03-11,1723.0,,179,67.31875,68.23974994920425,1723.0,1723.0
2024-03-12,1446.0,,180,67.25,68.08636659191892,1446.0,1446.0
2024-03-13,1774.0,,181,67.18125,67.90684677863617,1774.0,1774.0
2024-03-14,1764.0,,182,67.1125,67.71049542224011,1764.0,1764.0
2024-03-15,1598.0,67.5,183,67.04375,67.506617435615,1598.0,1598.0
2024-03-16,1809.0,,184,66.975,67.30451773164499,1809.0,1809.0
2024-03-17,1197.0,,185,66.90625,67.11350122321429,1197.0,1197.0
2024-03-18,1165.0,,186,66.8375,66.9428728232071,1165.0,1165.0
2024-03-19,2073.0,,187,66.76875,66.8019374445076,2073.0,2073.0
2024-03-20,1614.0,66.7,188,66.7,66.7,1790.0,1874.8285509216153
2024-03-21,1507.0,,189,66.73333333333333,66.6435220820418,1507.0,1507.0
2024-03-22,1897.0,,190,66.76666666666667,66.62759200088371,1897.0,1897.0
2024-03-23,1391.0,,191,66.8,66.64445474624978,1391.0,1391.0
2024-03-24,1504.0,,192,66.83333333333333,66.68635530786408,1504.0,1504.0
2024-03-25,1951.0,,193,66.86666666666667,66.74553867545062,1951.0,1951.0
2024-03-26,1634.0,66.6,194,66.9,66.81424983873343,1634.0,1634.0
2024-03-27,2013.0,,195,66.93333333333334,66.88473378743657,2013.0,2013.0
2024-03-28,2228.0,,196,66.96666666666667,66.94923551128407,2031.0,2214.806021903766
2024-03-29,2049.0,67.0,197,67.0,67.0,2049.0,2049.0
2024-03-30,1609.0,,198,66.98571428571428,67.03096528128461,1609.0,1609.0
2024-03-31,1121.0,66.5,199,66.97142857142858,67.04284153474323,1121.0,1121.0
2024-04-01,1848.0,,200,66.95714285714286,67.03803197795733,1848.0,1848.0
2024-04-02,1778.0,,201,66.94285714285715,67.01893982850855,1778.0,1778.0
2024-04-03,2059.0,,202,66.92857142857143,66.98796830397838,1806.0,1597.7764326507377
2024-04-04,1429.0,67.3,203,66.91428571428573,66.94752062194834,1834.0,1635.648161881989
2024-04-05,1862.0,66.9,204,66.9,66.9,1862.0,1862.0
2024-04-06,1974.0,,205,66.81818181818183,66.84745003842502,1974.0,1974.0
2024-04-07,1460.0,66.9,206,66.73636363636363,66.79047586835539,1460.0,1460.0
2024-04-08,1909.0,,207,66.65454545454546,66.72932300363331,1909.0,1909.0
2024-04-09,1340.0,67.6,208,66.57272727272728,66.66423695810093,1693.5,1850.8909706688924
2024-04-10,1478.0,,209,66.4909090909091,66.59546324560034,1478.0,1478.0
2024-04-11,1471.0,,210,66.4090909090909,66.52324737997375,1471.0,1471.0
2024-04-12,1638.0,66.3,211,66.32727272727273,66.44783487506325,1638.0,1638.0
2024-04-13,1840.0,,212,66.24545454545455,66.36947124471104,1595.5,1653.9816741557374
2024-04-14,2006.0,,213,66.16363636363637,66.28840200275923,1553.0,1550.3988624188696
2024-04-15,1480.0,,214,66.08181818181818,66.20487266304998,1510.5,1448.1166194725672
2024-04-16,1468.0,,215,66.0,66.11912873942543,1468.0,1468.0
2024-04-17,1596.0,66.2,216,65.91818181818182,66.03141574572774,1596.0,1596.0
2024-04-18,2604.0,,217,65.83636363636363,65.94197919579905,1494.0,1474.084525136635
2024-04-19,1392.0,,218,65.75454545454545,65.8510646034815,1392.0,1392.0
2024-04-20,1525.0,,219,65.67272727272727,65.75891748261724,1604.5,1651.1657342230728
2024-04-21,1817.0,66.0,220,65.5909090909091,65.66578334704843,1817.0,1817.0
2024-04-22,1536.0,,221,65.5090909090909,65.57190771061721,1536.0,1536.0
2024-04-23,1722.0,,222,65.42727272727272,65.4775360871657,1523.5,1363.1256661642444
2024-04-24,1511.0,,223,65.34545454545454,65.3829139905361,1511.0,1511.0
2024-04-25,1886.0,,224,65.26363636363637,65.28828693457051,1886.0,1886.0
2024-04-26,1495.0,,225,65.18181818181817,65.19390043311108,1893.0,1974.6570913227165
2024-04-27,1900.0,65.1,226,65.1,65.1,1900.0,1900.0
2024-04-28,1758.0,,227,65.07380952380952,65.00681972095533,1758.0,1758.0
2024-04-29,1379.0,,228,65.04761904761904,64.91454796919909,1379.0,1379.0
2024-04-30,1718.0,,229,65.02142857142857,64.82336168982924,1718.0,1718.0
2024-05-01,1293.0,,230,64.9952380952381,64.73343782794372,1293.0,1293.0
2024-05-02,2048.0,,231,64.96904761904761,64.64495332864048,2048.0,2048.0
2024-05-03,1423.0,,232,64.94285714285714,64.55808513701751,1423.0,1423.0
2024-05-04,1562.0,,233,64.91666666666666,64.47301019817274,1562.0,1562.0
2024-05-05,1386.0,,234,64.89047619047619,64.38990545720415,1386.0,1386.0
2024-05-06,1422.0,,235,64.86428571428571,64.30894785920965,1421.0,1164.7556234125918
2024-05-07,1456.0,,236,64.83809523809524,64.23031434928726,1456.0,1456.0
2024-05-08,2096.0,,237,64.81190476190476,64.15418187253489,2096.0,2096.0
2024-05-09,1563.0,,238,64.78571428571428,64.0807273740505,1563.0,1563.0
2024-05-10,2078.0,,239,64.7595238095238,64.01012779893206,1633.5,1395.036898961359
2024-05-11,1704.0,65.8,240,64.73333333333333,63.94256009227753,1704.0,1704.0
2024-05-12,1327.0,,241,64.70714285714286,63.87820119918486,1863.0,2017.0904382707101
2024-05-13,2022.0,,242,64.68095238095238,63.817228064752,2022.0,2022.0
2024-05-14,1676.0,,243,64.6547619047619,63.759817634076924,1676.0,1676.0
2024-05-15,1516.0,,244,64.62857142857142,63.70614685225758,1516.0,1516.0
2024-05-16,1318.0,,245,64.60238095238095,63.656392664391916,1318.0,1318.0
2024-05-17,1532.0,,246,64.57619047619048,63.61073201557791,1532.0,1532.0
2024-05-18,1601.0,,247,64.55,63.56934185091348,1601.0,1601.0
2024-05-19,1600.0,,248,64.52380952380952,63.53239911549664,1811.0,1830.1256748107085
2024-05-20,2021.0,65.2,249,64.49761904761904,63.50008075442529,2021.0,2021.0
2024-05-21,1873.0,,250,64.47142857142858,63.47256371279742,1873.0,1873.0
2024-05-22,1998.0,,251,64.4452380952381,63.45002493571098,1712.5,1582.2445264554788
2024-05-23,1552.0,,252,64.41904761904762,63.43264136826392,1552.0,1552.0
2024-05-24,1850.0,,253,64.39285714285714,63.420589955554206,1811.0,1969.5807723639086
2024-05-25,2070.0,65.7,254,64.36666666666666,63.41404764267978,2070.0,2070.0
2024-05-26,1539.0,,255,64.3404761904762,63.413191374738616,1539.0,1539.0
2024-05-27,1770.0,,256,64.31428571428572,63.418198096828675,1770.0,1770.0
2024-05-28,1675.0,,257,64.28809523809524,63.42924475404789,1675.0,1675.0
2024-05-29,2113.0,,258,64.26190476190476,63.44650829149423,2113.0,2113.0
2024-05-30,1720.0,,259,64.23571428571428,63.47016565426566,1720.0,1720.0
2024-05-31,1627.0,,260,64.2095238095238,63.50039378746011,1903.5,1785.771585327518
2024-06-01,2087.0,,261,64.18333333333334,63.537369636175576,2087.0,2087.0
2024-06-02,1973.0,64.5,262,64.15714285714286,63.581270145509976,1973.0,1973.0
2024-06-03,1717.0,,263,64.13095238095238,63.6322722605613,1818.0,1643.3354191352623
2024-06-04,1368.0,,264,64.1047619047619,63.690552926427486,1663.0,1317.7876115138308
2024-06-05,560.0,,265,64.07857142857142,63.75628908820648,1508.0,1164.845998135484
2024-06-06,1353.0,,266,64.05238095238096,63.82965769099627,1353.0,1353.0
2024-06-07,1811.0,,267,64.02619047619048,63.91083567989479,1811.0,1811.0
2024-06-08,1858.0,64.0,268,64.0,64.0,1858.0,1858.0
2024-06-09,2146.0,,269,64.1,64.0968062639957,1823.0,1822.3820532546572
2024-06-10,1788.0,,270,64.2,64.1988247549091,1788.0,1788.0
2024-06-11,1736.0,65.3,271,64.3,64.30310442335318,1736.0,1736.0
2024-06-12,1892.0,,272,64.39999999999999,64.40669421994102,1892.0,1892.0
2024-06-13,2171.0,,273,64.5,64.50664309528561,2171.0,2171.0
2024-06-14,1630.0,64.6,274,64.6,64.6,1630.0,1630.0
2024-06-15,2388.0,,275,64.64,64.68429210489987,2388.0,2388.0
2024-06-16,1431.0,,276,64.67999999999999,64.75895946161148,1431.0,1431.0
2024-06-17,1637.0,,277,64.72,64.82392034196381,1637.0,1637.0
2024-06-18,1494.0,,278,64.75999999999999,64.87909301778576,1494.0,1494.0
2024-06-19,1578.0,64.2,279,64.8,64.92439576090628,1433.0,1296.3490398478027
2024-06-20,1372.0,,280,64.84,64.95974684315429,1372.0,1372.0
2024-06-21,1726.0,,281,64.88,64.98506453635873,1714.5,1727.2481743400563
2024-06-22,2057.0,,282,64.92,65.00026711234854,2057.0,2057.0
2024-06-23,2104.0,,283,64.96,65.00527284295265,2104.0,2104.0
2024-06-24,1723.0,65.0,284,65.0,65.0,2028.0,2053.3602873091827
2024-06-25,1716.0,,285,64.9375,64.98421454823398,1952.0,1974.3838335525327
2024-06-26,1876.0,,286,64.875,64.95707322405566,1876.0,1876.0
2024-06-27,1795.0,63.5,287,64.8125,64.91758045678067,1795.0,1795.0
2024-06-28,1757.0,,288,64.75,64.86474067572452,1757.0,1757.0
2024-06-29,1579.0,,289,64.6875,64.79755831020285,1579.0,1579.0
2024-06-30,2121.0,,290,64.625,64.71503778953112,1674.5,1705.3359017675405
2024-07-01,1770.0,,291,64.5625,64.616183543025,1770.0,1770.0
2024-07-02,1472.0,64.5,292,64.5,64.5,1472.0,1472.0
2024-07-03,2021.0,,293,64.39444444444445,64.36622711172977,1651.0,1540.2539909797736
2024-07-04,1487.0,,294,64.28888888888889,64.21754691732016,1830.0,1856.757653448367
2024-07-05,2009.0,,295,64.18333333333334,64.05737697783519,2009.0,2009.0
2024-07-06,1785.0,,296,64.07777777777778,63.889134854338735,1785.0,1785.0
2024-07-07,1641.0,,297,63.97222222222222,63.71623810789481,1641.0,1641.0
2024-07-08,2003.0,,298,63.86666666666667,63.542104299567335,1705.5,1676.4553081024078
2024-07-09,1770.0,,299,63.76111111111111,63.370150990420264,1770.0,1770.0
2024-07-10,2176.0,,300,63.65555555555556,63.20379574151757,1803.5,1813.290823827633
2024-07-11,1837.0,,301,63.55,63.04645611392318,1837.0,1837.0
2024-07-12,1631.0,63.6,302,63.44444444444444,62.901549668701065,1872.0,1887.9277456153825
2024-07-13,1873.0,,303,63.33888888888889,62.77249396691516,1907.0,1938.3707922265748
2024-07-14,1942.0,,304,63.233333333333334,62.662706569629435,1942.0,1942.0
2024-07-15,1886.0,,305,63.12777777777778,62.57560503790783,1886.0,1886.0
2024-07-16,1786.0,,306,63.022222222222226,62.5146069328143,1786.0,1786.0
2024-07-17,1615.0,,307,62.91666666666667,62.48312981541281,1615.0,1615.0
2024-07-18,2069.0,,308,62.81111111111111,62.48459124676728,2069.0,2069.0
2024-07-19,1841.0,,309,62.705555555555556,62.5224087879417,1932.75,2286.3895914048103
2024-07-20,1857.0,62.6,310,62.6,62.6,1796.5,2138.7058641056265
2024-07-21,1827.0,,311,62.711111111111116,62.71796758299949,1660.25,1819.9192047536299
2024-07-22,1524.0,,312,62.82222222222222,62.86565479297082,1524.0,1524.0
2024-07-23,1790.0,,313,62.93333333333334,63.029590024938045,1577.3333333333333,1406.8019335388399
2024-07-24,928.0,,314,63.044444444444444,63.19630167392517,1630.6666666666667,1471.7118772359372
2024-07-25,1684.0,,315,63.15555555555556,63.352318134956214,1684.0,1684.0
2024-07-26,2157.0,,316,63.266666666666666,63.484167803055186,1850.0,1959.462538444255
2024-07-27,2016.0,,317,63.37777777777778,63.57837907324614,2016.0,2016.0
2024-07-28,1817.0,,318,63.48888888888889,63.62148034055307,1753.5,1690.163210679398
2024-07-29,1491.0,63.6,319,63.6,63.6,1491.0,1491.0
2024-07-30,1847.0,,320,63.46666666666667,63.50713082479167,1847.0,1847.0
2024-07-31,2280.0,,321,63.333333333333336,63.36272310085564,2280.0,2280.0
2024-08-01,1691.0,,322,63.2,63.19329149230018,2243.0,2471.7980978347255
2024-08-02,2027.0,,323,63.06666666666666,63.02535066323357,2206.0,2417.6131582398552
2024-08-03,2169.0,,324,62.93333333333333,62.88541527776409,2169.0,2169.0
2024-08-04,1821.0,62.8,325,62.8,62.8,1956.0,1833.5499040592988
2024-08-05,1743.0,,326,62.974999999999994,62.78964066329124,1743.0,1743.0
2024-08-06,1860.0,,327,63.15,62.85095777795432,1967.0,2078.03698775229
2024-08-07,2191.0,,328,63.325,62.97459302354745,2191.0,2191.0
2024-08-08,1855.0,,329,63.5,63.151188079628795,1855.0,1855.0
2024-08-09,2432.0,,330,63.675,63.37138462575655,2432.0,2432.0
2024-08-10,1973.0,,331,63.85,63.62582434148887,2399.0,2692.1930412892802
2024-08-11,2366.0,,332,64.025,63.90514890638396,2366.0,2366.0
2024-08-12,1935.0,64.2,333,64.2,64.2,1935.0,1935.0
2024-08-13,2343.0,,334,64.2,64.42616324044171,2343.0,2343.0
2024-08-14,2187.0,64.2,335,64.2,64.2,2260.2,2557.0600395418423
2024-08-15,1726.0,63.4,336,63.4,63.4,2177.4,2409.3473765790272
2024-08-16,2167.0,,337,63.44,62.95773384746927,2094.6,2113.204693845291
2024-08-17,1941.0,,338,63.48,62.96232953493,2011.8,1881.974674074369
2024-08-18,1929.0,,339,63.52,63.20805829865609,1929.0,1929.0
2024-08-19,2249.0,,340,63.56,63.48919137492146,2249.0,2249.0
2024-08-20,2111.0,63.6,341,63.6,63.6,2111.0,2111.0
2024-08-21,1773.0,,342,63.35,63.41128930495411,1773.0,1773.0
2024-08-22,2552.0,63.1,343,63.1,63.1,2552.0,2552.0
2024-08-23,1976.0,,344,63.19230769230769,62.874577317902464,1976.0,1976.0
2024-08-24,1960.0,,345,63.284615384615385,62.76334900246661,1960.0,1960.0
2024-08-25,2093.0,,346,63.37692307692308,62.74961342525771,2093.0,2093.0
2024-08-26,2178.0,,347,63.46923076923077,62.81666895784096,2178.0,2178.0
2024-08-27,2298.0,,348,63.56153846153846,62.9478139717816,2298.0,2298.0
2024-08-28,1940.0,,349,63.65384615384615,63.12634683864486,1940.0,1940.0
2024-08-29,2133.0,,350,63.746153846153845,63.33556592999594,2149.0,2011.9441657126658
2024-08-30,2358.0,64.1,351,63.83846153846154,63.558769617400124,2358.0,2358.0
2024-08-31,2386.0,,352,63.93076923076923,63.77925627242258,2386.0,2386.0
2024-09-01,1769.0,,353,64.02307692307693,63.98032426662857,1769.0,1769.0
2024-09-02,2334.0,,354,64.11538461538461,64.14527197158333,1817.0,1481.2575449585024
2024-09-03,2549.0,,355,64.2076923076923,64.25739775885205,1865.0,1591.7880567188784
2024-09-04,2580.0,64.3,356,64.3,64.3,1913.0,1838.9245401198148
2024-09-05,1961.0,,357,64.2,64.2621678383564,1961.0,1961.0
2024-09-06,1863.0,,358,64.1,64.15615350430662,1863.0,1863.0
2024-09-07,1679.0,64.0,359,64.0,64.0,1939.5,1936.0441671486928
2024-09-08,2016.0,,360,63.925,63.81901822878604,2016.0,2016.0
2024-09-09,2265.0,63.9,361,63.85,63.66759069881468,1940.5,1889.10732906997
2024-09-10,1865.0,,362,63.775000000000006,63.60736781943598,1865.0,1865.0
2024-09-11,2131.0,63.7,363,63.7,63.7,2131.0,2131.0
2024-09-12,2154.0,,364,63.9,63.94583375256225,2154.0,2154.0
2024-09-13,2064.0,64.1,365,64.1,64.1,2064.0,2064.0
2024-09-14,1715.0,,366,63.849999999999994,63.94274600766684,1715.0,1715.0
2024-09-15,2038.0,63.6,367,63.6,63.6,1994.5,1990.9181244485324
2024-09-16,2274.0,,368,63.36666666666667,63.258840273538006,2274.0,2274.0
2024-09-17,1969.0,,369,63.13333333333333,63.005264454141106,1969.0,1969.0
2024-09-18,2119.0,62.9,370,62.9,62.9,2119.0,2119.0
2024-09-19,2514.0,,371,62.92,62.97398389534694,2514.0,2514.0
2024-09-20,2243.0,63.8,372,62.94,63.13899122858037,2243.0,2243.0
2024-09-21,1766.0,,373,62.96,63.277006614140355,1766.0,1766.0
2024-09-22,2493.0,62.5,374,62.98,63.27001466646688,1858.0,1550.3751294185613
2024-09-23,1950.0,63.0,375,63.0,63.0,1950.0,1950.0
2024-09-24,2591.0,,376,62.666666666666664,62.44407071687457,2591.0,2591.0
2024-09-25,1908.0,,377,62.333333333333336,61.959828870004856,1908.0,1908.0
2024-09-26,2359.0,62.0,378,62.0,62.0,2359.0,2359.0
2024-09-27,1727.0,62.6,379,62.6,62.6,1727.0,1727.0
2024-09-28,2041.0,,380,62.400000000000006,62.58514540131842,2041.0,2041.0
2024-09-29,1983.0,62.2,381,62.2,62.2,2118.0,2238.9096372236795
2024-09-30,2195.0,62.3,382,62.3,62.3,2195.0,2195.0
2024-10-01,2206.0,63.5,383,63.5,63.5,2206.0,2206.0
2024-10-02,1886.0,63.0,384,63.3,63.873743535312045,2121.75,2040.986380707707
2024-10-03,1776.0,63.4,385,63.1,63.4363120390601,2037.5,1789.6077090920385
2024-10-04,2143.0,62.9,386,62.9,62.9,1953.25,1662.1751829303507
2024-10-05,1869.0,,387,62.9,62.792112875827726,1869.0,1869.0
2024-10-06,2258.0,62.9,388,62.9,62.9,2258.0,2258.0
2024-10-07,1921.0,62.9,389,62.9,62.9,1921.0,1921.0
2024-10-08,1830.0,62.8,390,62.8,62.8,1830.0,1830.0
2024-10-09,1769.0,62.8,391,62.8,62.8,1769.0,1769.0
2024-10-10,1555.0,,392,63.13333333333333,63.00532590078624,1870.5,1851.0709159337664
2024-10-11,1972.0,,393,63.46666666666666,63.366159940434116,1972.0,1972.0
2024-10-12,1922.0,63.8,394,63.8,63.8,1922.0,1922.0
2024-10-13,1699.0,,395,63.855555555555554,64.23384055614147,1699.0,1699.0
2024-10-14,1762.0,,396,63.91111111111111,64.63266246792105,1762.0,1762.0
2024-10-15,1812.0,,397,63.96666666666666,64.97094319000252,1812.0,1812.0
2024-10-16,2262.0,,398,64.02222222222223,65.22316017704955,1714.0,1496.600706222774
2024-10-17,1616.0,,399,64.07777777777777,65.36379088372594,1616.0,1616.0
2024-10-18,2252.0,,400,64.13333333333333,65.36731276469544,2252.0,2252.0
2024-10-19,1180.0,,401,64.18888888888888,65.20820327462178,1180.0,1180.0
2024-10-20,1672.0,,402,64.24444444444444,64.86093986816873,1429.0,1034.6842004673408
2024-10-21,1678.0,64.3,403,64.3,64.3,1678.0,1678.0
2024-10-22,1940.0,,404,63.7,63.58298603763304,1940.0,1940.0
2024-10-23,1569.0,63.1,405,63.1,63.1,1569.0,1569.0
2024-10-24,1752.0,,406,63.166666666666664,63.15806590209551,1752.0,1752.0
2024-10-25,1777.0,,407,63.233333333333334,63.39939609174932,1777.0,1777.0
2024-10-26,1953.0,63.3,408,63.3,63.3,2061.5,2110.0264857474554
2024-10-27,2346.0,62.7,409,62.7,62.7,2346.0,2346.0
2024-10-28,2038.0,,410,62.7,62.5398955103832,2038.0,2038.0
2024-10-29,1778.0,62.7,411,62.7,62.7,1778.0,1778.0
2024-10-30,1709.0,62.9,412,62.9,62.9,1709.0,1709.0
2024-10-31,1993.0,62.9,413,63.1,63.41781981500336,1993.0,1993.0
2024-11-01,1806.0,63.5,414,63.3,63.832618064410845,1806.0,1806.0
2024-11-02,2264.0,63.5,415,63.5,63.5,2007.0,2033.9040612917665
2024-11-03,2208.0,62.7,416,62.7,62.7,2208.0,2208.0
2024-11-04,1863.0,63.7,417,63.7,63.7,1863.0,1863.0
2024-11-05,1951.0,,418,63.5,63.91396375268317,1951.0,1951.0
2024-11-06,1856.0,63.3,419,63.3,63.3,1856.0,1856.0
2024-11-07,1835.0,62.8,420,62.9,62.73294110782313,1835.0,1835.0
2024-11-08,1938.0,62.5,421,62.5,62.5,1938.0,1938.0
2024-11-09,1978.0,62.7,422,62.7,62.7,1978.0,1978.0
2024-11-10,2603.0,63.3,423,63.150000000000006,63.204715966864754,2603.0,2603.0
2024-11-11,1802.0,63.6,424,63.6,63.6,1802.0,1802.0
2024-11-12,1813.0,,425,63.3,63.51543936350285,1813.0,1813.0
2024-11-13,1877.0,63.0,426,63.0,63.0,1877.0,1877.0
2024-11-14,1791.0,62.4,427,62.4,62.4,1791.0,1791.0
2024-11-15,1795.0,62.5,428,62.5,62.5,1930.0,1954.0468750341975
2024-11-16,2162.0,,429,62.833333333333336,62.99910246155949,2069.0,2201.6084561150956
2024-11-17,2208.0,63.4,430,63.166666666666664,63.461357738626866,2208.0,2208.0
2024-11-18,1844.0,63.5,431,63.5,63.5,1844.0,1844.0
2024-11-19,1623.0,63.0,432,63.0,63.0,1623.0,1623.0
2024-11-20,1710.0,62.9,433,62.85,62.70284006165836,1742.0,1658.4139980153168
2024-11-21,1726.0,62.7,434,62.7,62.7,1861.0,1826.4912969875031
2024-11-22,1980.0,62.7,435,62.7,62.7,1980.0,1980.0
2024-11-23,2029.0,62.3,436,62.3,62.3,1929.3333333333333,2006.7898559098126
2024-11-24,2199.0,62.4,437,62.4,62.4,1878.6666666666667,1935.0371966682037
2024-11-25,1828.0,,438,62.36666666666667,62.47572928682144,1828.0,1828.0
2024-11-26,1806.0,62.7,439,62.33333333333333,62.404754601716526,1806.0,1806.0
2024-11-27,1977.0,62.3,440,62.3,62.3,1977.0,1977.0
2024-11-28,1874.0,62.5,441,62.3,62.2567836284877,1874.0,1874.0
2024-11-29,1894.0,62.3,442,62.3,62.3,1894.0,1894.0
2024-11-30,2031.0,62.4,443,62.4,62.4,1896.0,1943.0213110670127
2024-12-01,1898.0,62.6,444,62.5,62.451406987676975,1898.0,1898.0
2024-12-02,1806.0,62.6,445,62.6,62.6,1806.0,1806.0
2024-12-03,2309.0,62.9,446,62.9,62.9,2099.5,2035.401663379972
2024-12-04,2393.0,62.9,447,62.9,62.9,2393.0,2393.0
2024-12-05,2528.0,62.7,448,62.7,62.7,2528.0,2528.0
2024-12-06,2372.0,63.2,449,63.0,62.84971907842248,2372.0,2372.0
2024-12-07,2487.0,63.3,450,63.3,63.3,2487.0,2487.0
2024-12-08,2404.0,63.4,451,63.65,63.79859900580468,2505.3333333333335,2599.3499594504074
2024-12-09,2230.0,64.0,452,64.0,64.0,2523.6666666666665,2611.0843903054015
2024-12-10,2542.0,63.1,453,63.55,63.66838489835877,2542.0,2542.0
2024-12-11,2477.0,63.1,454,63.1,63.1,2477.0,2477.0
2024-12-12,2568.0,62.9,455,62.9,62.9,2568.0,2568.0
2024-12-13,2502.0,63.7,456,63.7,63.7,2502.0,2502.0
2024-12-14,2488.0,64.2,457,64.2,64.2,2521.0,2562.728862025174
2024-12-15,2540.0,64.6,458,64.6,64.6,2540.0,2540.0
2024-12-16,2338.0,64.6,459,64.6,64.6,2338.0,2338.0
2024-12-17,2548.0,63.9,460,63.9,63.9,2548.0,2548.0
2024-12-18,2505.0,64.7,461,64.7,64.7,2505.0,2505.0
2024-12-19,2545.0,64.0,462,64.73333333333333,65.46042548529604,2545.0,2545.0
2024-12-20,2337.0,64.8,463,64.76666666666667,65.52751328682591,2337.0,2337.0
2024-12-21,2487.0,64.8,464,64.8,64.8,2487.0,2487.0
2024-12-22,2516.0,63.6,465,63.6,63.6,2516.0,2516.0
2024-12-23,2551.0,,466,64.06666666666666,63.42407041877016,2551.0,2551.0
2024-12-24,2498.0,,467,64.53333333333333,64.11587271873586,2498.0,2498.0
2024-12-25,2379.0,65.0,468,65.0,65.0,2525.3333333333335,2601.990257351609
2024-12-26,2618.0,65.0,469,65.16666666666667,65.52873933553168,2552.6666666666665,2722.005039900203
2024-12-27,2580.0,65.6,470,65.33333333333333,65.66515368976494,2580.0,2580.0
2024-12-28,2236.0,65.5,471,65.5,65.5,2236.0,2236.0
2024-12-29,2493.0,65.2,472,65.15,65.14553317382757,2493.0,2493.0
2024-12-30,2527.0,64.8,473,64.8,64.8,2527.0,2527.0
2024-12-31,2493.0,64.8,474,64.8,64.8,2493.0,2493.0
2025-01-01,2257.0,65.3,475,65.3,65.3,2257.0,2257.0
2025-01-02,2522.0,64.9,476,64.9,64.9,2522.0,2522.0
2025-01-03,2426.0,64.9,477,64.9,64.9,2426.0,2426.0
2025-01-04,2436.0,65.5,478,65.5,65.5,2436.0,2436.0
2025-01-05,2851.0,65.5,479,65.5,65.5,2851.0,2851.0
2025-01-06,2397.0,66.6,480,66.6,66.6,2397.0,2397.0
2025-01-07,2414.0,66.0,481,66.0,66.0,2414.0,2414.0
2025-01-08,2461.0,65.0,482,65.0,65.0,2461.0,2461.0
2025-01-09,2542.0,65.2,483,65.1,64.74225584199114,2542.0,2542.0
2025-01-10,2505.0,65.2,484,65.2,65.2,2505.0,2505.0
2025-01-11,2603.0,65.9,485,65.9,65.9,2603.0,2603.0
2025-01-12,2581.0,65.9,486,65.9,65.9,2578.3333333333335,2701.4879501357527
2025-01-13,2527.0,65.9,487,65.9,65.87194613101646,2553.6666666666665,2696.2081972644055
2025-01-14,2529.0,,488,65.9,65.92642886670508,2529.0,2529.0
2025-01-15,2352.0,65.9,489,65.9,65.9,2352.0,2352.0
2025-01-16,2620.0,65.9,490,65.9,65.9,2620.0,2620.0
2025-01-17,2491.0,66.5,491,66.5,66.5,2491.0,2491.0
2025-01-18,2536.0,66.8,492,66.8,66.8,2536.0,2536.0
2025-01-19,2072.0,67.7,493,67.3,67.56029364049992,2072.0,2072.0
2025-01-20,1924.0,67.8,494,67.8,67.8,2113.0,1966.7712033412934
2025-01-21,2154.0,66.9,495,66.9,66.9,2154.0,2154.0
2025-01-22,2259.0,67.1,496,67.1,67.1,2259.0,2259.0
2025-01-23,2259.0,67.3,497,67.24,67.71883572277535,2259.0,2259.0
2025-01-24,2345.0,66.6,498,67.38,68.27129478363001,2267.5,2238.139168879579
2025-01-25,2276.0,67.4,499,67.52,68.58433598309699,2276.0,2276.0
2025-01-26,2296.0,66.9,500,67.66,68.48491812170933,2296.0,2296.0
2025-01-27,2122.0,67.8,501,67.8,67.8,2122.0,2122.0
2025-01-28,2603.0,66.7,502,66.7,66.7,2603.0,2603.0
2025-01-29,2445.0,,503,66.86666666666667,66.33932615801085,2445.0,2445.0
2025-01-30,2399.0,,504,67.03333333333333,66.6564514049466,2399.0,2399.0
2025-01-31,2284.0,67.2,505,67.2,67.2,2182.0,2191.3023348222246
2025-02-01,1965.0,,506,67.45,67.58598816845996,1965.0,1965.0
2025-02-02,1977.0,67.7,507,67.7,67.7,1977.0,1977.0
2025-02-03,2008.0,67.7,508,67.7,67.7,2008.0,2008.0
2025-02-04,1966.0,68.1,509,68.1,68.1,1966.0,1966.0
2025-02-05,2241.0,68.2,510,67.9,68.08967550504933,2241.0,2241.0
2025-02-06,2275.0,67.7,511,67.7,67.7,2275.0,2275.0
2025-02-07,1705.0,67.3,512,67.3,67.3,1705.0,1705.0
2025-02-08,1967.0,67.1,513,67.1,67.1,1967.0,1967.0
2025-02-09,2068.0,,514,66.85,66.73783253867963,2068.0,2068.0
2025-02-10,2379.0,66.6,515,66.6,66.6,2379.0,2379.0
2025-02-11,2492.0,67.1,516,67.1,67.1,2492.0,2492.0
2025-02-12,2678.0,67.8,517,67.8,67.8,2426.5714285714284,2462.8940922637444
2025-02-13,,,518,67.6,68.16068177198072,2361.1428571428573,2373.200878579646
2025-02-14,,,519,67.39999999999999,68.15715616359357,2295.714285714286,2252.008209777947
2025-02-15,,,520,67.19999999999999,67.8943741785202,2230.285714285714,2128.4039366888896
2025-02-16,,,521,67.0,67.47728682044233,2164.8571428571427,2031.4759101427176
2025-02-17,2201.0,,522,66.8,67.0108450930417,2099.4285714285716,1990.3119809696736
2025-02-18,2034.0,66.6,523,66.6,66.6,2034.0,2034.0
2025-02-19,2317.0,,524,66.4,66.3290895785339,2086.0,2147.342407314973
2025-02-20,2138.0,66.2,525,66.2,66.2,2138.0,2138.0
2025-02-21,2007.0,66.8,526,66.31428571428572,66.19198025423663,1967.5,1893.3778785382744
2025-02-22,1797.0,,527,66.42857142857143,66.27618247086924,1797.0,1797.0
2025-02-23,1985.0,66.4,528,66.54285714285714,66.42173456447007,1985.0,1985.0
2025-02-24,1769.0,,529,66.65714285714286,66.59776444961132,1769.0,1769.0
2025-02-25,1953.0,,530,66.77142857142857,66.77340004086523,1953.0,1953.0
2025-02-26,1705.0,,531,66.88571428571429,66.91776925280406,1705.0,1705.0
2025-02-27,2046.0,67.0,532,67.0,67.0,2046.0,2046.0
2025-02-28,2031.0,67.0,533,67.0,67.0,2005.875,2396.7720527256847
2025-03-01,1693.0,67.1,534,67.05,66.97127177235357,1965.75,2543.9424057001047
2025-03-02,1441.0,67.1,535,67.1,67.1,1925.625,2533.4694726952225
2025-03-03,1735.0,67.4,536,67.4,67.4,1885.5,2411.311667483003
2025-03-04,1713.0,66.2,537,67.16666666666667,67.30183297876276,1845.375,2223.4274038354074
2025-03-05,1817.0,66.7,538,66.93333333333334,66.94571803982478,1805.25,2015.7750955243994
2025-03-06,1657.0,66.7,539,66.7,66.7,1765.125,1834.3131563219426
2025-03-07,1725.0,66.8,540,66.8,66.8,1725.0,1725.0
2025-03-08,1863.0,,541,66.8,66.95931495255442,1770.5,1722.4623289448455
2025-03-09,1816.0,66.8,542,66.8,66.8,1816.0,1816.0
2025-03-10,1809.0,66.2,543,66.2,66.2,1809.0,1809.0
2025-03-11,1374.0,,544,66.10000000000001,65.81792251383212,1374.0,1374.0
2025-03-12,1580.0,,545,66.0,65.75223733374376,1580.0,1580.0
2025-03-13,1456.0,65.9,546,65.9,65.9,1518.3333333333333,1628.6363715468133
2025-03-14,1581.0,66.3,547,66.3,66.3,1456.6666666666667,1465.056506824925
2025-03-15,1395.0,67.1,548,67.1,67.1,1395.0,1395.0
2025-03-16,1579.0,,549,67.1,67.23606841354633,1579.0,1579.0
2025-03-17,1697.0,67.1,550,67.1,67.1,1611.75,1701.6443751862157
2025-03-18,1487.0,67.1,551,67.1,67.1,1644.5,1721.8365502187778
2025-03-19,1717.0,66.6,552,66.6,66.6,1677.25,1703.3604501419502
2025-03-20,1710.0,,553,67.1,66.99553499479748,1710.0,1710.0
2025-03-21,1765.0,67.6,554,67.6,67.6,1765.0,1765.0
2025-03-22,2143.0,67.4,555,67.4,67.4,1738.0,1767.0454469229992
2025-03-23,1616.0,67.4,556,67.17500000000001,66.8466838765498,1711.0,1724.668996403814
2025-03-24,1684.0,67.2,557,66.95,66.32905148636628,1684.0,1684.0
2025-03-25,1736.0,66.4,558,66.725,66.12189335299962,1736.0,1736.0
2025-03-26,1984.0,66.5,559,66.5,66.5,1984.0,1984.0
2025-03-27,1639.0,67.3,560,67.3,67.3,1944.5,2043.6579066339073
2025-03-28,1905.0,67.2,561,67.2,67.2,1905.0,1905.0
2025-03-29,1736.0,66.7,562,66.7,66.7,1736.0,1736.0
2025-03-30,1790.0,,563,66.83333333333334,66.34078228937038,1790.0,1790.0
2025-03-31,1949.0,,564,66.96666666666667,66.19647792633366,1949.0,1949.0
2025-04-01,1863.0,66.3,565,67.1,66.253667213384,1863.0,1863.0
2025-04-02,2000.0,,566,67.23333333333333,66.4989304530157,1822.3333333333333,1674.2325897974504
2025-04-03,1903.0,,567,67.36666666666667,66.91884794772295,1781.6666666666667,1576.819841875778
2025-04-04,1741.0,67.5,568,67.5,67.5,1741.0,1741.0
2025-04-05,1969.0,67.9,569,67.9,67.9,1969.0,1969.0
2025-04-06,1496.0,67.0,570,67.0,67.0,1496.0,1496.0
2025-04-07,1837.0,66.0,571,66.0,66.0,1837.0,1837.0
2025-04-08,1903.0,67.1,572,67.1,67.1,1903.0,1903.0
2025-04-09,1512.0,,573,67.1,67.86157799286906,1512.0,1512.0
2025-04-10,1706.0,,574,67.1,67.83433700553837,1706.0,1706.0
2025-04-11,1792.0,66.4,575,67.1,67.4399275154385,1792.0,1792.0
2025-04-12,1753.0,67.1,576,67.1,67.1,1753.0,1753.0
2025-04-13,1965.0,,577,67.1,67.08993083629977,1965.0,1965.0
2025-04-14,2014.0,67.1,578,67.1,67.1,2014.0,2014.0
2025-04-15,1947.0,65.8,579,66.9,66.84214126505474,1947.0,1947.0
2025-04-16,1982.0,66.7,580,66.7,66.7,1982.0,1982.0
2025-04-17,1989.0,66.7,581,66.7,66.7,1989.0,1989.0
2025-04-18,1952.0,66.0,582,66.0,66.0,1952.0,1952.0
2025-04-19,2036.0,66.6,583,66.6,66.6,1954.6666666666667,1910.1299416467602
2025-04-20,1940.0,66.6,584,66.6,66.6,1957.3333333333333,1900.5718660720938
2025-04-21,1960.0,66.5,585,66.5,66.5,1960.0,1960.0
2025-04-22,2085.0,,586,66.15,66.17226979056761,2085.0,2085.0
2025-04-23,2162.0,65.8,587,65.8,65.8,2162.0,2162.0
2025-04-24,2037.0,65.8,588,65.8,65.8,2169.0,2216.1246331344882
2025-04-25,2158.0,66.4,589,66.4,66.4,2176.0,2234.687440337763
2025-04-26,2183.0,66.7,590,66.4,66.78742616455311,2183.0,2183.0
2025-04-27,2098.0,66.2,591,66.4,66.77175156546353,2098.0,2098.0
2025-04-28,2155.0,66.4,592,66.4,66.4,2155.0,2155.0
2025-04-29,2170.0,66.6,593,66.15,65.859650120553,2144.0,2129.476398004684
2025-04-30,2133.0,65.9,594,65.9,65.9,2133.0,2133.0
2025-05-01,2281.0,66.9,595,66.9,66.9,2281.0,2281.0
2025-05-02,2274.0,67.2,596,66.92,67.58875338603572,2274.0,2274.0
2025-05-03,2131.0,,597,66.94,67.75801353398802,2131.0,2131.0
2025-05-04,2287.0,66.9,598,66.96000000000001,67.59289698892249,2287.0,2287.0
2025-05-05,2056.0,,599,66.98,67.27852029590466,2056.0,2056.0
2025-05-06,2355.0,67.0,600,67.0,67.0,2355.0,2355.0
2025-05-07,2191.0,66.9,601,66.9,66.9,2191.0,2191.0
2025-05-08,1966.0,67.2,602,67.0,66.95026826414488,1966.0,1966.0
2025-05-09,2204.0,,603,67.10000000000001,67.07567873258104,2044.0,1957.7038969917635
2025-05-10,1602.0,67.2,604,67.2,67.2,2122.0,2080.57215093853
2025-05-11,2200.0,,605,67.25,67.26634808369742,2200.0,2200.0
2025-05-12,2306.0,67.2,606,67.30000000000001,67.29522869138562,2196.5,2219.243252822643
2025-05-13,2193.0,67.4,607,67.35000000000001,67.32649495338099,2193.0,2193.0
2025-05-14,2193.0,67.4,608,67.4,67.4,2193.0,2193.0
2025-05-15,2080.0,67.4,609,67.6,67.55145459051226,2191.0,2208.98016429771
2025-05-16,2171.0,67.8,610,67.8,67.8,2189.0,2215.139555582403
2025-05-17,2187.0,,611,68.0,68.12811031091825,2187.0,2187.0
2025-05-18,2136.0,68.3,612,68.2,68.38816031940054,2136.0,2136.0
2025-05-19,2208.0,68.4,613,68.4,68.4,2175.5,2166.4002415329633
2025-05-20,2215.0,68.0,614,68.0,68.0,2215.0,2215.0
2025-05-21,2199.0,67.3,615,67.3,67.3,2199.0,2199.0
2025-05-22,2193.0,,616,67.46666666666667,67.04010562666336,2193.0,2193.0
2025-05-23,2251.0,,617,67.63333333333333,67.26660846405706,2251.0,2251.0
2025-05-24,2069.0,67.8,618,67.8,67.8,2069.0,2069.0
2025-05-25,2126.0,68.3,619,68.3,68.3,2126.0,2126.0
2025-05-26,2023.0,,620,68.0,68.10754319345611,2023.0,2023.0
2025-05-27,2197.0,67.7,621,67.7,67.7,2083.5,2031.39640211658
2025-05-28,2144.0,67.7,622,67.7,67.7,2144.0,2144.0
2025-05-29,2587.0,68.3,623,68.0,68.00532423784553,2161.0,2222.1484862854227
2025-05-30,2178.0,68.3,624,68.3,68.3,2178.0,2178.0
2025-05-31,2058.0,68.3,625,68.3,68.3,2058.0,2058.0
2025-06-01,2179.0,68.2,626,68.2,68.2,2179.0,2179.0
2025-06-02,2232.0,68.8,627,68.8,68.8,2232.0,2232.0
2025-06-03,2137.0,69.3,628,68.6,68.88284253464055,2185.0,2173.0212178150678
2025-06-04,2138.0,68.4,629,68.4,68.4,2138.0,2138.0
2025-06-05,2215.0,,630,68.1,67.81864736828844,2215.0,2215.0
2025-06-06,2239.0,67.8,631,67.8,67.8,2239.0,2239.0
2025-06-07,2113.0,68.4,632,68.4,68.4,2113.0,2113.0
2025-06-08,2108.0,68.1,633,68.1,68.1,2108.0,2108.0
2025-06-09,2119.0,68.1,634,68.1,68.1,2119.0,2119.0
2025-06-10,2072.0,,635,68.1,67.92700003833285,2072.0,2072.0
2025-06-11,2163.0,68.1,636,68.1,68.1,2163.0,2163.0
2025-06-12,2121.0,68.8,637,68.8,68.8,2173.6666666666665,2153.9299105649266
2025-06-13,2339.0,68.3,638,68.3,68.3,2184.3333333333335,2105.7260484995204
2025-06-14,2195.0,68.3,639,68.3,68.3,2195.0,2195.0
2025-06-15,2384.0,,640,68.69999999999999,68.87686093077835,2384.0,2384.0
2025-06-16,2176.0,69.1,641,69.1,69.1,2176.0,2176.0
2025-06-17,2063.0,68.5,642,68.5,68.5,2179.0,2164.2286531511477
2025-06-18,2182.0,,643,68.4,68.29952063166023,2182.0,2182.0
2025-06-19,2038.0,68.9,644,68.3,68.39115343970963,2038.0,2038.0
2025-06-20,2221.0,68.2,645,68.2,68.2,2221.0,2221.0
2025-06-21,2252.0,67.7,646,67.7,67.7,2252.0,2252.0
2025-06-22,2266.0,68.2,647,68.2,68.2,2266.0,2266.0
2025-06-23,2199.0,68.3,648,68.175,68.55631500529216,2199.0,2199.0
2025-06-24,2124.0,,649,68.15,68.52646495939692,2124.0,2124.0
2025-06-25,1847.0,,650,68.125,68.30838243380322,1847.0,1847.0
2025-06-26,2032.0,68.1,651,68.1,68.1,2032.0,2032.0
2025-06-27,1964.0,68.1,652,68.1,68.1,1964.0,1964.0
2025-06-28,2110.0,68.3,653,68.3,68.3,2110.0,2110.0
2025-06-29,1826.0,68.4,654,68.4,68.4,1826.0,1826.0
2025-06-30,1979.0,69.1,655,69.1,69.1,1979.0,1979.0
2025-07-01,1986.0,68.7,656,68.7,68.7,1986.0,1986.0
2025-07-02,2228.0,68.2,657,68.2,68.2,2014.3333333333333,1974.3484344378949
2025-07-03,1649.0,,658,68.5,68.39382903287955,2042.6666666666667,2014.067401001017
2025-07-04,2071.0,68.8,659,68.8,68.8,2071.0,2071.0
2025-07-05,2049.0,68.8,660,68.8,68.8,2049.0,2049.0
2025-07-06,1903.0,68.4,661,68.4,68.4,1903.0,1903.0
2025-07-07,2241.0,68.4,662,68.30000000000001,68.13060215820903,2241.0,2241.0
2025-07-08,1978.0,68.2,663,68.2,68.2,2173.5,2337.796875596321
2025-07-09,1888.0,68.9,664,68.5,68.58656056780042,2106.0,2155.5488288541164
2025-07-10,1673.0,68.8,665,68.8,68.8,2038.5,1948.5263676848535
2025-07-11,1971.0,,666,68.5,68.4731555705893,1971.0,1971.0
2025-07-12,2225.0,68.2,667,68.2,68.2,2225.0,2225.0
2025-07-13,2054.0,69.4,668,68.65,68.55831714984244,2054.0,2054.0
2025-07-14,1840.0,69.1,669,69.1,69.1,1840.0,1840.0
2025-07-15,1787.0,69.1,670,69.1,69.1,1848.5,1813.1073269056512
2025-07-16,1857.0,68.2,671,68.2,68.2,1857.0,1857.0
2025-07-17,1831.0,68.2,672,68.075,67.49222062601115,1831.0,1831.0
2025-07-18,1758.0,,673,67.95,67.22380924223596,1758.0,1758.0
2025-07-19,1660.0,68.4,674,67.825,67.31849323734279,1769.5,1753.1208646467162
2025-07-20,1781.0,67.7,675,67.7,67.7,1781.0,1781.0
2025-07-21,1854.0,68.2,676,68.2,68.2,1798.5,1787.0895277308232
2025-07-22,1816.0,68.2,677,68.2,68.2,1816.0,1816.0
2025-07-23,1638.0,67.6,678,67.6,67.6,1837.5,1892.0210244299915
2025-07-24,1859.0,68.4,679,68.4,68.4,1859.0,1859.0
2025-07-25,1732.0,68.4,680,68.4,68.4,1732.0,1732.0
2025-07-26,1910.0,,681,68.22500000000001,68.09550985403718,1910.0,1910.0
2025-07-27,1580.0,68.0,682,68.05000000000001,67.84899151013889,1580.0,1580.0
2025-07-28,1431.0,,683,67.875,67.70297741117116,1431.0,1431.0
2025-07-29,1984.0,67.7,684,67.7,67.7,1984.0,1984.0
2025-07-30,1914.0,66.9,685,67.8,67.84649496682746,1914.0,1914.0
2025-07-31,1664.0,,686,67.9,68.00451099119998,1900.5,1855.0835118100981
2025-08-01,1887.0,68.0,687,68.0,68.0,1887.0,1887.0
2025-08-02,1827.0,67.8,688,67.8,67.8,1827.0,1827.0
2025-08-03,1783.0,,689,67.8,67.78384763123292,1783.0,1783.0
2025-08-04,1875.0,,690,67.8,67.86378286842424,1875.0,1875.0
2025-08-05,1591.0,67.8,691,67.8,67.8,1591.0,1591.0
2025-08-06,1405.0,66.9,692,67.575,67.44001248253211,1658.0,1481.2919633268145
2025-08-07,1811.0,,693,67.35,66.9806104451756,1725.0,1602.767043481974
2025-08-08,1792.0,,694,67.125,66.70590318523129,1792.0,1792.0
2025-08-09,1873.0,66.9,695,66.9,66.9,1873.0,1873.0
2025-08-10,1781.0,67.4,696,67.4,67.4,1781.0,1781.0
2025-08-11,1797.0,67.9,697,66.9,66.92159494581134,1797.0,1797.0
2025-08-12,1607.0,66.4,698,66.4,66.4,1607.0,1607.0
2025-08-13,1785.0,66.9,699,66.9,66.9,1785.0,1785.0
2025-08-14,1872.0,67.5,700,66.9,67.60252603616387,1872.0,1872.0
2025-08-15,1749.0,,701,66.9,68.20905004537966,1804.0,1759.9691281716634
2025-08-16,1736.0,67.0,702,66.9,68.68544510675046,1736.0,1736.0
2025-08-17,1918.0,,703,66.9,68.9975842993793,1918.0,1918.0
2025-08-18,2023.0,67.1,704,66.9,69.11134070236918,1799.0,1791.550907777211
2025-08-19,1680.0,,705,66.9,68.99258739482318,1680.0,1680.0
2025-08-20,1888.0,67.3,706,66.9,68.60719745584427,1888.0,1888.0
2025-08-21,1821.0,67.3,707,66.9,67.92104396453554,1821.0,1821.0
2025-08-22,1677.0,66.9,708,66.9,66.9,1677.0,1677.0
2025-08-23,1898.0,66.0,709,66.0,66.0,1898.0,1898.0
2025-08-24,1646.0,66.3,710,66.3,66.3,1646.0,1646.0
2025-08-25,1848.0,65.6,711,65.6,65.6,1697.6666666666667,1591.4816005352118
2025-08-26,1845.0,65.6,712,65.6,65.6,1749.3333333333333,1743.477823234668
2025-08-27,1801.0,,713,65.55,65.63564901893758,1801.0,1801.0
2025-08-28,1652.0,65.5,714,65.5,65.5,1652.0,1652.0
2025-08-29,1752.0,65.3,715,65.6,65.3693613098841,1752.0,1752.0
2025-08-30,1923.0,,716,65.7,65.41337110754442,1923.0,1923.0
2025-08-31,1817.0,65.8,717,65.8,65.8,1817.0,1817.0
2025-09-01,1818.0,66.4,718,66.4,66.4,1818.0,1818.0
2025-09-02,1590.0,66.4,719,66.15,66.29894808433403,1590.0,1590.0
2025-09-03,1855.0,65.9,720,65.9,65.9,1855.0,1855.0
2025-09-04,1787.0,65.7,721,65.7,65.7,1787.0,1787.0
2025-09-05,1773.0,65.3,722,65.3,65.3,1773.0,1773.0
2025-09-06,1461.0,,723,65.35,65.1784911711356,1461.0,1461.0
2025-09-07,1785.0,65.4,724,65.4,65.4,1785.0,1785.0
2025-09-08,1738.0,65.7,725,65.7,65.7,1738.0,1738.0
2025-09-09,1370.0,,726,65.55000000000001,65.5427330175331,1370.0,1370.0
2025-09-10,1703.0,65.4,727,65.4,65.4,1703.0,1703.0
2025-09-11,1653.0,65.6,728,65.7,65.75631670766822,1730.6666666666667,1905.4256030191893
2025-09-12,1798.0,66.0,729,66.0,66.0,1758.3333333333333,1860.492692335785
2025-09-13,1786.0,,730,65.65,65.58200015179399,1786.0,1786.0
2025-09-14,2034.0,65.3,731,65.3,65.3,1818.5,1828.6799832405309
2025-09-15,1851.0,65.8,732,65.8,65.8,1851.0,1851.0
2025-09-16,1766.0,66.1,733,66.1,66.1,1766.0,1766.0
2025-09-17,1790.0,66.3,734,65.9,66.02505744038677,1790.0,1790.0
2025-09-18,1719.0,65.7,735,65.7,65.7,1719.0,1719.0
2025-09-19,1652.0,65.3,736,65.3,65.3,1774.0,1784.8798892486016
2025-09-20,1829.0,65.2,737,65.2,65.2,1829.0,1829.0
2025-09-21,1706.0,,738,65.35,65.51466830577328,1706.0,1706.0
2025-09-22,1742.0,65.5,739,65.5,65.5,1765.5,1749.047708273829
2025-09-23,1825.0,64.8,740,64.8,64.8,1825.0,1825.0
2025-09-24,1770.0,64.8,741,64.8,64.8,1770.0,1770.0
2025-09-25,1781.0,,742,65.05,65.08668082476265,1830.0,1815.3595889957498
2025-09-26,1890.0,65.3,743,65.3,65.3,1890.0,1890.0
2025-09-27,1387.0,65.3,744,65.26666666666667,65.31161614366935,1838.5,1862.3753936236392
2025-09-28,1787.0,65.3,745,65.23333333333333,65.22462933063782,1787.0,1787.0
2025-09-29,1731.0,65.2,746,65.2,65.2,1731.0,1731.0
2025-09-30,1835.0,65.2,747,65.2,65.2,1823.5,1694.2294614945567
2025-10-01,1916.0,64.7,748,64.7,64.7,1916.0,1916.0
2025-10-02,2328.0,64.7,749,64.7,64.7,2328.0,2328.0
2025-10-03,2049.0,66.2,750,66.2,66.2,2049.0,2049.0
2025-10-04,2053.0,64.6,751,64.6,64.6,2053.0,2053.0
2025-10-05,2077.0,,752,64.39999999999999,63.55023461856054,2077.0,2077.0
2025-10-06,2078.0,,753,64.2,63.653915282877094,2078.0,2078.0
2025-10-07,2050.0,64.0,754,64.0,64.0,2050.0,2050.0
2025-10-08,2015.0,64.0,755,64.0,64.0,2015.0,2015.0
2025-10-09,1804.0,64.1,756,64.1,64.1,1804.0,1804.0
2025-10-10,2104.0,64.1,757,64.1,64.1,2104.0,2104.0
2025-10-11,2205.0,64.0,758,64.0,64.0,2205.0,2205.0
2025-10-12,2076.0,64.4,759,64.4,64.4,2076.0,2076.0
2025-10-13,2058.0,64.7,760,64.7,64.7,2159.0,2115.4869650684027
2025-10-14,2242.0,,761,64.66666666666667,64.75673091294715,2242.0,2242.0
2025-10-15,1939.0,64.4,762,64.63333333333333,64.68256203290372,2187.75,2279.823423894828
2025-10-16,2251.0,64.6,763,64.6,64.6,2133.5,2227.8779903657355
2025-10-17,2039.0,64.6,764,64.6,64.6,2079.25,2128.743561653775
2025-10-18,2025.0,64.6,765,64.6,64.6,2025.0,2025.0
2025-10-19,2022.0,64.6,766,64.6,64.6,2022.0,2022.0
2025-10-20,2266.0,65.1,767,65.1,65.1,2266.0,2266.0
2025-10-21,2263.0,64.9,768,64.9,64.9,2212.5,2300.4129122237964
2025-10-22,2159.0,64.6,769,64.6,64.6,2159.0,2159.0
2025-10-23,2037.0,,770,64.6,64.608498878565,2037.0,2037.0
2025-10-24,2025.0,64.6,771,64.6,64.6,2025.0,2025.0
2025-10-25,2037.0,64.5,772,64.5,64.5,2037.0,2037.0
2025-10-26,2126.0,,773,65.25,65.24909002070795,2126.0,2126.0
2025-10-27,2379.0,66.0,774,66.0,66.0,2379.0,2379.0
2025-10-28,2351.0,,775,65.6,65.76846695007164,2351.0,2351.0
2025-10-29,2157.0,65.2,776,65.2,65.2,2157.0,2157.0
2025-10-30,2565.0,65.3,777,65.25,65.10204217900544,2565.0,2565.0
2025-10-31,2118.0,65.3,778,65.3,65.3,2118.0,2118.0
2025-11-01,2297.0,64.5,779,65.32857142857142,65.44903987607576,2297.0,2297.0
2025-11-02,2238.0,64.5,780,65.35714285714286,65.50540433735351,2238.0,2238.0
2025-11-03,2392.0,64.9,781,65.38571428571429,65.50060494321119,2031.0,1976.08047967844
2025-11-04,1824.0,,782,65.41428571428571,65.46615325302675,1824.0,1824.0
2025-11-05,1976.0,,783,65.44285714285714,65.4335608261781,1976.0,1976.0
2025-11-06,2287.0,,784,65.47142857142858,65.43433922204322,2287.0,2287.0
2025-11-07,2355.0,65.5,785,65.5,65.5,2355.0,2355.0
2025-11-08,2239.0,65.5,786,65.5,65.5,2239.0,2239.0
2025-11-09,2238.0,65.1,787,65.1,65.1,2238.0,2238.0
2025-11-10,2165.0,,788,65.4,65.21009580872322,2251.5,2453.466375384664
2025-11-11,2265.0,65.7,789,65.7,65.7,2265.0,2265.0
2025-11-12,1617.0,65.9,790,65.9,65.9,1617.0,1617.0
2025-11-13,2213.0,65.2,791,65.2,65.2,2213.0,2213.0
2025-11-14,2321.0,65.2,792,65.2,65.2,2191.0,2387.9044139592493
2025-11-15,2169.0,65.9,793,65.9,65.9,2169.0,2169.0
2025-11-16,2333.0,,794,65.82000000000001,66.4459031427961,2155.5,2131.632644924153
2025-11-17,2142.0,,795,65.74000000000001,66.65825121597409,2142.0,2142.0
2025-11-18,2363.0,65.5,796,65.66,66.55764771775404,2019.0,1993.3150063441406
2025-11-19,1896.0,,797,65.58,66.164696146356,1896.0,1896.0
2025-11-20,1743.0,65.5,798,65.5,65.5,2040.5,2048.6073296992845
2025-11-21,2185.0,65.0,799,65.0,65.0,2185.0,2185.0
2025-11-22,2100.0,65.8,800,65.8,65.8,2100.0,2100.0
2025-11-23,2220.0,65.8,801,65.83333333333333,66.21638183931951,2220.0,2220.0
2025-11-24,2383.0,66.9,802,65.86666666666667,66.09377680828831,2383.0,2383.0
2025-11-25,1674.0,65.9,803,65.9,65.9,1674.0,1674.0
2025-11-26,1864.0,,804,66.0,65.96909257954492,2193.5,2205.978981660464
2025-11-27,2713.0,66.1,805,66.1,66.1,2713.0,2713.0
2025-11-28,1984.0,66.1,806,66.1,66.1,1984.0,1984.0
2025-11-29,2224.0,66.4,807,66.4,66.4,2224.0,2224.0
2025-11-30,2224.0,,808,66.65,67.2650158687117,2224.0,2224.0
2025-12-01,2211.0,66.9,809,66.9,66.9,2211.0,2211.0
2025-12-02,2283.0,65.0,810,65.0,65.0,2283.0,2283.0
2025-12-03,2277.0,66.2,811,66.2,66.2,2277.0,2277.0
2025-12-04,2294.0,66.6,812,66.6,66.6,2294.0,2294.0
2025-12-05,2400.0,66.6,813,66.6,66.6,2400.0,2400.0
2025-12-06,2221.0,66.6,814,66.6,66.6,2221.0,2221.0
2025-12-07,1981.0,,815,66.6,66.71143711836571,1981.0,1981.0
2025-12-08,2098.0,66.6,816,66.6,66.6,2098.0,2098.0
2025-12-09,2392.0,66.1,817,66.1,66.1,2392.0,2392.0
2025-12-10,1668.0,66.6,818,66.2,65.97817311701804,1668.0,1668.0
2025-12-11,1964.0,,819,66.3,66.18707854021885,1964.0,1964.0
2025-12-12,2301.0,66.4,820,66.4,66.4,2301.0,2301.0
2025-12-13,2299.0,66.4,821,66.4,66.4,2209.0,2251.006656769439
2025-12-14,2117.0,66.4,822,66.4,66.4,2117.0,2117.0
2025-12-15,2137.0,,823,66.46666666666667,66.62336326910209,2137.0,2137.0
2025-12-16,2213.0,,824,66.53333333333333,67.03494727303898,2213.0,2213.0
2025-12-17,2533.0,,825,66.60000000000001,67.53729706090627,2533.0,2533.0
2025-12-18,2079.0,,826,66.66666666666667,68.03295768179949,2079.0,2079.0
2025-12-19,2797.0,,827,66.73333333333333,68.42447418481426,2024.5,1864.3898755607115
2025-12-20,1970.0,,828,66.8,68.61439161904612,1970.0,1970.0
2025-12-21,1976.0,,829,66.86666666666667,68.50525503359064,1976.0,1976.0
2025-12-22,1510.0,,830,66.93333333333334,67.99960947754343,1510.0,1510.0
2025-12-23,1815.0,67.0,831,67.0,67.0,1586.25,1320.2127883758185
2025-12-24,1647.0,65.7,832,65.7,65.7,1662.5,1454.0859239081756
2025-12-25,859.0,65.2,833,65.2,65.2,1738.75,1692.1660974864449
2025-12-26,1815.0,65.6,834,65.6,65.6,1815.0,1815.0
2025-12-27,1701.0,,835,65.8,65.95714823022965,1701.0,1701.0
2025-12-28,1605.0,,836,66.0,66.1198774517333,1759.3333333333333,1577.3667289977532
2025-12-29,2171.0,66.2,837,66.2,66.2,1817.6666666666667,1598.4687054183785
2025-12-30,1876.0,66.2,838,66.2,66.2,1876.0,1876.0
2025-12-31,2234.0,,839,66.1,65.92117507509577,2234.0,2234.0
2026-01-01,1880.0,66.0,840,66.0,66.0,1880.0,1880.0
2026-01-02,,66.8,841,66.8,66.8,1904.6,1589.6761041850496
2026-01-03,1837.0,67.2,842,67.2,67.2,1929.2,1550.2427703687006
2026-01-04,1765.0,67.2,843,67.2,67.2,1953.8,1668.2713844598265
2026-01-05,1473.0,66.1,844,66.1,66.1,1978.4,1850.3333323673019
2026-01-06,2003.0,,845,66.35,65.98637839134643,2003.0,2003.0
2026-01-07,2156.0,66.6,846,66.6,66.6,2048.5,2063.7886435072246
2026-01-08,2094.0,,847,66.75,66.99785580613245,2094.0,2094.0
2026-01-09,2173.0,66.9,848,66.9,66.9,2173.0,2173.0
2026-01-10,2280.0,66.4,849,66.4,66.4,2280.0,2280.0
2026-01-11,2202.0,,850,66.36666666666667,66.19042419560084,2202.0,2202.0
2026-01-12,1964.0,,851,66.33333333333333,66.24363347625358,1964.0,1964.0
2026-01-13,2168.0,66.3,852,66.3,66.3,2168.0,2168.0
2026-01-14,2063.0,,853,66.3,66.21443424876423,2394.5,2427.3429980084156
2026-01-15,2621.0,66.3,854,66.3,66.3,2621.0,2621.0
2026-01-16,2632.0,,855,66.8,66.80993255313959,2632.0,2632.0
2026-01-17,1536.0,67.3,856,67.3,67.3,2139.5,2067.4608793797897
2026-01-18,1647.0,66.9,857,67.1,67.29959238419781,1647.0,1647.0
2026-01-19,2058.0,,858,66.89999999999999,66.93005476416316,2058.0,2058.0
2026-01-20,2321.0,,859,66.7,66.4607209520296,2321.0,2321.0
2026-01-21,1516.0,,860,66.5,66.16092475993071,1516.0,1516.0
2026-01-22,2175.0,66.3,861,66.3,66.3,2175.0,2175.0
2026-01-23,1523.0,66.8,862,66.8,66.8,1523.0,1523.0
2026-01-24,2293.0,66.8,863,66.8,66.8,2293.0,2293.0
2026-01-25,2150.0,,864,66.94999999999999,67.05741709620715,2150.0,2150.0
2026-01-26,2100.0,67.1,865,67.1,67.1,2100.0,2100.0
2026-01-27,2456.0,66.5,866,66.5,66.5,2173.5,2206.142744479129
2026-01-28,2247.0,,867,66.5,66.37849064674863,2247.0,2247.0
2026-01-29,2230.0,66.5,868,66.5,66.5,2230.0,2230.0
2026-01-30,2284.0,,869,66.44,66.32376544106339,2284.0,2284.0
2026-01-31,1912.0,,870,66.38,65.94786276415373,1912.0,1912.0
2026-02-01,2465.0,,871,66.32000000000001,65.63007736671238,2465.0,2465.0
2026-02-02,1916.0,,872,66.26,65.62819464618069,1916.0,1916.0
2026-02-03,2045.0,66.2,873,66.2,66.2,2045.0,2045.0
2026-02-04,1642.0,66.7,874,66.80000000000001,67.26630176055455,1642.0,1642.0
2026-02-05,2041.0,67.4,875,67.4,67.4,2041.0,2041.0
2026-02-06,2411.0,66.2,876,66.2,66.2,2411.0,2411.0
2026-02-07,2429.0,66.9,877,66.9,66.9,2429.0,2429.0
2026-02-08,2333.0,67.4,878,67.4,67.4,2333.0,2333.0
2026-02-09,2756.0,66.8,879,66.8,66.8,2564.5,2686.474341227357
2026-02-10,2796.0,66.8,880,66.8,66.8,2796.0,2796.0
2026-02-11,2169.0,66.8,881,66.8,66.8,2169.0,2169.0
2026-02-12,2042.0,,882,67.0,67.10343699936531,2042.0,2042.0
2026-02-13,2603.0,67.2,883,67.2,67.2,2150.5,2246.429187462844
2026-02-14,2259.0,67.0,884,67.0,67.0,2259.0,2259.0
2026-02-15,1909.0,67.8,885,67.8,67.8,1909.0,1909.0
2026-02-16,1965.0,66.9,886,66.9,66.9,1965.0,1965.0
2026-02-17,2233.0,66.3,887,66.3,66.3,2233.0,2233.0
2026-02-18,2330.0,,888,66.5,66.26254653038148,2190.25,2369.049163477529
2026-02-19,2110.0,66.7,889,66.7,66.7,2147.5,2351.15374659541
2026-02-20,2022.0,67.4,890,67.4,67.4,2104.75,2231.431456415586
2026-02-21,2062.0,,891,67.30000000000001,67.45487475033111,2062.0,2062.0
2026-02-22,1950.0,67.2,892,67.2,67.2,1950.0,1950.0
2026-02-23,2013.0,67.2,893,67.2,67.2,2013.0,2013.0
2026-02-24,1966.0,67.2,894,67.2,67.2,1966.0,1966.0
2026-02-25,2282.0,66.5,895,66.5,66.5,2282.0,2282.0
2026-02-26,1606.0,67.0,896,66.4,66.18260185661812,1958.0,2048.2999695002304
2026-02-27,1634.0,66.3,897,66.3,66.3,1634.0,1634.0
2026-02-28,1223.0,66.8,898,66.625,66.55218588352007,1900.5,1691.3739075832102
2026-03-01,2167.0,68.2,899,66.94999999999999,66.86484327794787,2167.0,2167.0
2026-03-02,1924.0,,900,67.27499999999999,67.22007903340173,2537.5,2762.8294001669296
2026-03-03,2908.0,67.6,901,67.6,67.6,2908.0,2908.0
2026-03-04,2255.0,67.8,902,67.8,67.8,2255.0,2255.0
2026-03-05,1722.0,67.3,903,67.3,67.3,1722.0,1722.0
2026-03-06,2249.0,67.3,904,67.3,67.3,2249.0,2249.0
2026-03-07,2496.0,68.6,905,68.6,68.6,2496.0,2496.0
2026-03-08,2166.0,68.0,906,68.0,68.0,2166.0,2166.0
2026-03-09,2429.0,67.7,907,67.7,67.7,2429.0,2429.0
2026-03-10,2032.0,67.5,908,67.5,67.5,2032.0,2032.0
2026-03-11,2188.0,67.5,909,67.5,67.5,2188.0,2188.0
2026-03-12,1732.0,67.5,910,67.5,67.42287152943021,2111.3333333333335,2224.959291599299
2026-03-13,2041.0,67.5,911,67.5,67.5,2034.6666666666667,2058.4061546007374
2026-03-14,1958.0,67.7,912,67.7,67.7,1958.0,1958.0
2026-03-15,2008.0,67.2,913,67.2,67.2,2008.0,2008.0
2026-03-16,1815.0,67.6,914,67.6,67.6,1815.0,1815.0
2026-03-17,1727.0,66.6,915,67.4,67.4586057972649,1727.0,1727.0
2026-03-18,1619.0,67.2,916,67.2,67.2,1786.5,1805.712589040763
2026-03-19,1846.0,67.6,917,67.6,67.6,1846.0,1846.0
2026-03-20,1793.0,67.6,918,67.6,67.96861438143355,1793.0,1793.0
2026-03-21,2072.0,,919,67.6,68.00270144430111,2009.5,2068.053176585898
2026-03-22,2226.0,67.6,920,67.6,67.6,2226.0,2226.0
2026-03-23,2123.0,67.1,921,67.1,67.1,1996.5,1859.9071056282166
2026-03-24,1767.0,67.7,922,67.7,67.7,1767.0,1767.0
2026-03-25,2330.0,67.5,923,67.63333333333334,67.95834457926703,2330.0,2330.0
2026-03-26,1958.0,,924,67.56666666666666,67.74849719196563,1958.0,1958.0
2026-03-27,1596.0,67.5,925,67.5,67.5,1674.5,1536.55050698909
2026-03-28,1391.0,67.5,926,67.5,67.5,1391.0,1391.0
2026-03-29,1649.0,67.8,927,67.48333333333333,67.53773794862545,1548.0,1470.4594975118478
2026-03-30,2325.0,67.1,928,67.46666666666667,67.54675712177117,1705.0,1667.839410955556
2026-03-31,1862.0,,929,67.45,67.53227521645931,1862.0,1862.0
2026-04-01,1997.0,,930,67.43333333333334,67.49950992971205,1997.0,1997.0
2026-04-02,1642.0,,931,67.41666666666667,67.45367895855156,2181.0,2201.5511414357834
2026-04-03,2365.0,67.4,932,67.4,67.4,2365.0,2365.0
2026-04-04,1486.0,,933,67.4,67.34946659662694,2264.0,2349.485963796329
2026-04-05,2006.0,,934,67.4,67.33617567319143,2163.0,2212.883301046088
2026-04-06,2062.0,67.4,935,67.4,67.4,2062.0,2062.0
2026-04-07,2020.0,67.5,936,67.5,67.5,2020.0,2020.0
2026-04-08,2187.0,,937,67.55,67.43811685591993,2187.0,2187.0
2026-04-09,2246.0,67.6,938,67.6,67.6,2246.0,2246.0
2026-04-10,1805.0,68.2,939,68.2,68.2,1805.0,1805.0
2026-04-11,1815.0,,940,67.9,68.38557060823798,1756.5,1536.0025061474598
2026-04-12,1708.0,,941,67.6,68.09801352073578,1708.0,1708.0
2026-04-13,2239.0,,942,67.3,67.56144967286568,2029.0,2235.5118592992076
2026-04-14,2350.0,67.0,943,67.0,67.0,2350.0,2350.0
2026-04-15,1759.0,,944,67.03333333333333,66.59862121520202,1759.0,1759.0
2026-04-16,1861.0,67.0,945,67.06666666666666,66.38561314229896,1861.0,1861.0
2026-04-17,1716.0,,946,67.1,66.35011138280905,1716.0,1716.0
2026-04-18,1660.0,,947,67.13333333333334,66.48125153825043,1660.0,1660.0
2026-04-19,1652.0,,948,67.16666666666667,66.76816921014135,1652.0,1652.0
2026-04-20,2346.0,67.2,949,67.2,67.2,1557.0,1400.1846671898181
2026-04-21,1462.0,67.7,950,67.7,67.7,1462.0,1462.0
2026-04-22,2204.0,,951,67.67142857142858,68.00564055367292,2204.0,2204.0
2026-04-23,2321.0,68.0,952,67.64285714285714,68.09944665015075,2253.0,2636.027425515888
2026-04-24,1838.0,67.5,953,67.61428571428571,68.04167656730164,2302.0,2623.632143635648
2026-04-25,2351.0,,954,67.58571428571429,67.8925885829938,2351.0,2351.0
2026-04-26,1939.0,,955,67.55714285714286,67.71244097509546,2133.0,2021.4707764964942
2026-04-27,1915.0,,956,67.52857142857142,67.56149202147479,1915.0,1915.0
2026-04-28,2154.0,67.5,957,67.5,67.5,2154.0,2154.0
2026-04-29,2095.0,67.4,958,67.4,67.4,2223.0,2296.3182744946434
2026-04-30,2292.0,67.0,959,67.0,67.0,2292.0,2292.0
2026-05-01,2317.0,67.5,960,67.5,67.5,2168.0,2212.247890787516
2026-05-02,2044.0,,961,67.45,67.82644142629599,2044.0,2044.0
2026-05-03,1862.0,67.2,962,67.4,67.75027928794468,1862.0,1862.0
2026-05-04,1896.0,,963,67.35,67.46053383054273,1896.0,1896.0
2026-05-05,1717.0,,964,67.3,67.14622529968683,1717.0,1717.0
2026-05-06,2170.0,67.6,965,67.25,66.9963739409737,1916.0,1808.9311073891288
2026-05-07,2115.0,67.2,966,67.2,67.2,2115.0,2115.0
2026-05-08,2389.0,67.7,967,67.7,67.7,2169.5,2351.7392065789536
2026-05-09,2224.0,67.9,968,67.55,67.73179846754255,2224.0,2224.0
2026-05-10,1925.0,68.6,969,67.4,67.39278777797136,1925.0,1925.0
2026-05-11,2397.0,67.8,970,67.25,67.05738319941449,2397.0,2397.0
2026-05-12,1679.0,67.1,971,67.1,67.1,1679.0,1679.0
2026-05-13,1622.0,,972,67.75,67.71793359646713,1622.0,1622.0
2026-05-14,1968.0,68.4,973,68.4,68.4,1968.0,1968.0
2026-05-15,1664.0,,974,68.22500000000001,68.60940291913307,1664.0,1664.0
2026-05-16,1853.0,67.7,975,68.05000000000001,68.41537625735734,1853.0,1853.0
2026-05-17,2079.0,67.3,976,67.875,68.03866146690294,2079.0,2079.0
2026-05-18,2074.0,67.7,977,67.7,67.7,2074.0,2074.0
2026-05-19,2356.0,67.7,978,67.7,67.7,2048.5,2103.8849164980975
2026-05-20,2023.0,68.3,979,68.3,68.3,2023.0,2023.0
2026-05-21,1899.0,68.8,980,68.55,68.6854719094722,1899.0,1899.0
2026-05-22,2326.0,68.8,981,68.8,68.8,2326.0,2326.0
2026-05-23,1858.0,68.7,982,68.8,68.83134791568038,1858.0,1858.0
2026-05-24,1820.0,,983,68.8,68.82714805381342,1820.0,1820.0
2026-05-25,2144.0,68.8,984,68.8,68.8,2144.0,2144.0
2026-05-26,2013.0,,985,68.8,68.77159613247383,2013.0,2013.0
2026-05-27,1398.0,68.8,986,68.8,68.8,1398.0,1398.0
2026-05-28,2441.0,,987,68.7,68.92161108547768,2441.0,2441.0
2026-05-29,2485.0,,988,68.6,69.04980143781108,2485.0,2485.0
2026-05-30,1735.0,,989,68.5,69.06718624740563,1735.0,1735.0
2026-05-31,2206.0,,990,68.39999999999999,68.8563807046668,2206.0,2206.0
2026-06-01,1783.0,68.3,991,68.3,68.3,1783.0,1783.0
2026-06-02,1447.0,67.6,992,67.6,67.6,1447.0,1447.0
2026-06-03,1927.0,67.7,993,67.7,67.7,1927.0,1927.0
2026-06-04,1968.0,,994,67.9,67.95204384322626,1968.0,1968.0
2026-06-05,1857.0,68.1,995,68.1,68.1,1857.0,1857.0
2026-06-06,1995.0,68.1,996,68.1,68.1,1995.0,1995.0
2026-06-07,2003.0,68.0,997,68.0,68.0,2011.5,2067.2064592182423
2026-06-08,2028.0,68.4,998,68.4,68.4,2028.0,2028.0
2026-06-09,1917.0,69.0,999,69.0,69.0,1917.0,1917.0
2026-06-10,1874.0,68.2,1000,68.2,68.2,1874.0,1874.0
2026-06-11,2251.0,68.5,1001,68.35,68.1557749249014,2251.0,2251.0
2026-06-12,1909.0,68.5,1002,68.5,68.5,1909.0,1909.0
2026-06-13,1929.0,68.5,1003,68.24,68.20236030070977,1929.0,1929.0
2026-06-14,1664.0,68.2,1004,67.98,67.44201400164737,1868.0,2081.090320393952
2026-06-15,1975.0,68.2,1005,67.72,66.70048755223006,1807.0,2074.285299494405
2026-06-16,1746.0,68.1,1006,67.46000000000001,66.45930740187517,1746.0,1746.0
2026-06-17,1281.0,67.2,1007,67.2,67.2,1281.0,1281.0
2026-06-18,1872.0,68.7,1008,68.7,68.7,1640.5,1680.3433175860475
2026-06-19,2000.0,68.9,1009,68.9,68.9,2000.0,2000.0
2026-06-20,1491.0,,1010,68.75,68.62231572931455,1491.0,1491.0
2026-06-21,1653.0,,1011,68.6,68.33774569385145,1653.0,1653.0
2026-06-22,1805.0,69.2,1012,68.45,68.18430281146263,1805.0,1805.0
2026-06-23,1795.0,68.3,1013,68.3,68.3,1806.0,1808.2371144409733
2026-06-24,1470.0,68.7,1014,68.63333333333333,68.73610717103072,1807.0,1778.4128534974047
2026-06-25,1808.0,68.7,1015,68.96666666666667,69.19692221098295,1808.0,1808.0
2026-06-26,1898.0,69.3,1016,69.3,69.3,1898.0,1898.0
2026-06-27,1830.0,68.9,1017,68.9,68.9,1830.0,1830.0
2026-06-28,1880.0,68.8,1018,68.8,68.8,1880.0,1880.0
